/*M!999999\- enable the sandbox mode */ 
-- MariaDB dump 10.19-11.8.3-MariaDB, for debian-linux-gnu (x86_64)
--
-- Host: db    Database: EcoGest
-- ------------------------------------------------------
-- Server version	8.0.44

/*!40101 SET @OLD_CHARACTER_SET_CLIENT=@@CHARACTER_SET_CLIENT */;
/*!40101 SET @OLD_CHARACTER_SET_RESULTS=@@CHARACTER_SET_RESULTS */;
/*!40101 SET @OLD_COLLATION_CONNECTION=@@COLLATION_CONNECTION */;
/*!40101 SET NAMES utf8mb4 */;
/*!40103 SET @OLD_TIME_ZONE=@@TIME_ZONE */;
/*!40103 SET TIME_ZONE='+00:00' */;
/*!40014 SET @OLD_UNIQUE_CHECKS=@@UNIQUE_CHECKS, UNIQUE_CHECKS=0 */;
/*!40014 SET @OLD_FOREIGN_KEY_CHECKS=@@FOREIGN_KEY_CHECKS, FOREIGN_KEY_CHECKS=0 */;
/*!40101 SET @OLD_SQL_MODE=@@SQL_MODE, SQL_MODE='NO_AUTO_VALUE_ON_ZERO' */;
/*M!100616 SET @OLD_NOTE_VERBOSITY=@@NOTE_VERBOSITY, NOTE_VERBOSITY=0 */;

--
-- Table structure for table `AsignacionHerramienta`
--

DROP TABLE IF EXISTS `AsignacionHerramienta`;
/*!40101 SET @saved_cs_client     = @@character_set_client */;
/*!40101 SET character_set_client = utf8mb4 */;
CREATE TABLE `AsignacionHerramienta` (
  `id_asignacion` int NOT NULL AUTO_INCREMENT,
  `tarea_id` int unsigned NOT NULL,
  `tarea_descripcion` varchar(255) NOT NULL,
  `fecha_asignacion` datetime(6) NOT NULL,
  `asignado_por_id` int DEFAULT NULL,
  `herramienta_id` int NOT NULL,
  PRIMARY KEY (`id_asignacion`),
  KEY `AsignacionHerramient_asignado_por_id_077590f0_fk_usuario_u` (`asignado_por_id`),
  KEY `AsignacionHerramient_herramienta_id_7ec414e5_fk_Herramien` (`herramienta_id`),
  CONSTRAINT `AsignacionHerramient_asignado_por_id_077590f0_fk_usuario_u` FOREIGN KEY (`asignado_por_id`) REFERENCES `usuario_usuario` (`id_usuario`),
  CONSTRAINT `AsignacionHerramient_herramienta_id_7ec414e5_fk_Herramien` FOREIGN KEY (`herramienta_id`) REFERENCES `Herramienta` (`id_herramienta`),
  CONSTRAINT `AsignacionHerramienta_chk_1` CHECK ((`tarea_id` >= 0))
) ENGINE=InnoDB DEFAULT CHARSET=utf8mb4 COLLATE=utf8mb4_0900_ai_ci;
/*!40101 SET character_set_client = @saved_cs_client */;

--
-- Dumping data for table `AsignacionHerramienta`
--

LOCK TABLES `AsignacionHerramienta` WRITE;
/*!40000 ALTER TABLE `AsignacionHerramienta` DISABLE KEYS */;
set autocommit=0;
/*!40000 ALTER TABLE `AsignacionHerramienta` ENABLE KEYS */;
UNLOCK TABLES;
commit;

--
-- Table structure for table `AsignacionProducto`
--

DROP TABLE IF EXISTS `AsignacionProducto`;
/*!40101 SET @saved_cs_client     = @@character_set_client */;
/*!40101 SET character_set_client = utf8mb4 */;
CREATE TABLE `AsignacionProducto` (
  `id_asignacion` int NOT NULL AUTO_INCREMENT,
  `tarea_id` int unsigned NOT NULL,
  `cantidad` int unsigned NOT NULL,
  `fecha_asignacion` datetime(6) NOT NULL,
  `asignado_por_id` int DEFAULT NULL,
  `producto_id` int NOT NULL,
  PRIMARY KEY (`id_asignacion`),
  KEY `AsignacionProducto_asignado_por_id_125eb25b_fk_usuario_u` (`asignado_por_id`),
  KEY `AsignacionProducto_producto_id_ff2e7c81_fk_Producto_id_producto` (`producto_id`),
  CONSTRAINT `AsignacionProducto_asignado_por_id_125eb25b_fk_usuario_u` FOREIGN KEY (`asignado_por_id`) REFERENCES `usuario_usuario` (`id_usuario`),
  CONSTRAINT `AsignacionProducto_producto_id_ff2e7c81_fk_Producto_id_producto` FOREIGN KEY (`producto_id`) REFERENCES `Producto` (`id_producto`),
  CONSTRAINT `AsignacionProducto_chk_1` CHECK ((`tarea_id` >= 0)),
  CONSTRAINT `AsignacionProducto_chk_2` CHECK ((`cantidad` >= 0))
) ENGINE=InnoDB DEFAULT CHARSET=utf8mb4 COLLATE=utf8mb4_0900_ai_ci;
/*!40101 SET character_set_client = @saved_cs_client */;

--
-- Dumping data for table `AsignacionProducto`
--

LOCK TABLES `AsignacionProducto` WRITE;
/*!40000 ALTER TABLE `AsignacionProducto` DISABLE KEYS */;
set autocommit=0;
/*!40000 ALTER TABLE `AsignacionProducto` ENABLE KEYS */;
UNLOCK TABLES;
commit;

--
-- Table structure for table `ChatGeneral`
--

DROP TABLE IF EXISTS `ChatGeneral`;
/*!40101 SET @saved_cs_client     = @@character_set_client */;
/*!40101 SET character_set_client = utf8mb4 */;
CREATE TABLE `ChatGeneral` (
  `id_mensaje` int NOT NULL AUTO_INCREMENT,
  `mensaje` longtext NOT NULL,
  `fecha_envio` datetime(6) NOT NULL,
  `usuario_id` int NOT NULL,
  PRIMARY KEY (`id_mensaje`),
  KEY `ChatGeneral_usuario_id_b4ceebb0_fk_usuario_usuario_id_usuario` (`usuario_id`),
  CONSTRAINT `ChatGeneral_usuario_id_b4ceebb0_fk_usuario_usuario_id_usuario` FOREIGN KEY (`usuario_id`) REFERENCES `usuario_usuario` (`id_usuario`)
) ENGINE=InnoDB AUTO_INCREMENT=3 DEFAULT CHARSET=utf8mb4 COLLATE=utf8mb4_0900_ai_ci;
/*!40101 SET character_set_client = @saved_cs_client */;

--
-- Dumping data for table `ChatGeneral`
--

LOCK TABLES `ChatGeneral` WRITE;
/*!40000 ALTER TABLE `ChatGeneral` DISABLE KEYS */;
set autocommit=0;
INSERT INTO `ChatGeneral` VALUES
(1,'vdfvxdv','2025-10-23 04:07:19.409045',1),
(2,'dfsxf','2025-10-23 04:23:29.148362',1);
/*!40000 ALTER TABLE `ChatGeneral` ENABLE KEYS */;
UNLOCK TABLES;
commit;

--
-- Table structure for table `ChatPrivado`
--

DROP TABLE IF EXISTS `ChatPrivado`;
/*!40101 SET @saved_cs_client     = @@character_set_client */;
/*!40101 SET character_set_client = utf8mb4 */;
CREATE TABLE `ChatPrivado` (
  `id_chat` int NOT NULL AUTO_INCREMENT,
  `mensaje` longtext NOT NULL,
  `fecha_envio` datetime(6) NOT NULL,
  `emisor_id` int NOT NULL,
  `receptor_id` int NOT NULL,
  PRIMARY KEY (`id_chat`),
  KEY `ChatPrivado_emisor_id_9a615525_fk_usuario_usuario_id_usuario` (`emisor_id`),
  KEY `ChatPrivado_receptor_id_c1856882_fk_usuario_usuario_id_usuario` (`receptor_id`),
  CONSTRAINT `ChatPrivado_emisor_id_9a615525_fk_usuario_usuario_id_usuario` FOREIGN KEY (`emisor_id`) REFERENCES `usuario_usuario` (`id_usuario`),
  CONSTRAINT `ChatPrivado_receptor_id_c1856882_fk_usuario_usuario_id_usuario` FOREIGN KEY (`receptor_id`) REFERENCES `usuario_usuario` (`id_usuario`)
) ENGINE=InnoDB AUTO_INCREMENT=3 DEFAULT CHARSET=utf8mb4 COLLATE=utf8mb4_0900_ai_ci;
/*!40101 SET character_set_client = @saved_cs_client */;

--
-- Dumping data for table `ChatPrivado`
--

LOCK TABLES `ChatPrivado` WRITE;
/*!40000 ALTER TABLE `ChatPrivado` DISABLE KEYS */;
set autocommit=0;
INSERT INTO `ChatPrivado` VALUES
(1,'casczc','2025-10-23 04:07:57.117841',1,2),
(2,'dfse','2025-10-23 04:08:10.996837',2,1);
/*!40000 ALTER TABLE `ChatPrivado` ENABLE KEYS */;
UNLOCK TABLES;
commit;

--
-- Table structure for table `Existencia`
--

DROP TABLE IF EXISTS `Existencia`;
/*!40101 SET @saved_cs_client     = @@character_set_client */;
/*!40101 SET character_set_client = utf8mb4 */;
CREATE TABLE `Existencia` (
  `id_existencia` int NOT NULL AUTO_INCREMENT,
  `cantidad` int NOT NULL,
  `fecha_registro` datetime(6) NOT NULL,
  `id_producto` int NOT NULL,
  PRIMARY KEY (`id_existencia`),
  UNIQUE KEY `id_producto` (`id_producto`),
  CONSTRAINT `Existencia_id_producto_f36d006f_fk_Producto_id_producto` FOREIGN KEY (`id_producto`) REFERENCES `Producto` (`id_producto`)
) ENGINE=InnoDB DEFAULT CHARSET=utf8mb4 COLLATE=utf8mb4_0900_ai_ci;
/*!40101 SET character_set_client = @saved_cs_client */;

--
-- Dumping data for table `Existencia`
--

LOCK TABLES `Existencia` WRITE;
/*!40000 ALTER TABLE `Existencia` DISABLE KEYS */;
set autocommit=0;
/*!40000 ALTER TABLE `Existencia` ENABLE KEYS */;
UNLOCK TABLES;
commit;

--
-- Table structure for table `Herramienta`
--

DROP TABLE IF EXISTS `Herramienta`;
/*!40101 SET @saved_cs_client     = @@character_set_client */;
/*!40101 SET character_set_client = utf8mb4 */;
CREATE TABLE `Herramienta` (
  `id_herramienta` int NOT NULL AUTO_INCREMENT,
  `nombre` varchar(100) NOT NULL,
  `descripcion` longtext NOT NULL,
  PRIMARY KEY (`id_herramienta`)
) ENGINE=InnoDB DEFAULT CHARSET=utf8mb4 COLLATE=utf8mb4_0900_ai_ci;
/*!40101 SET character_set_client = @saved_cs_client */;

--
-- Dumping data for table `Herramienta`
--

LOCK TABLES `Herramienta` WRITE;
/*!40000 ALTER TABLE `Herramienta` DISABLE KEYS */;
set autocommit=0;
/*!40000 ALTER TABLE `Herramienta` ENABLE KEYS */;
UNLOCK TABLES;
commit;

--
-- Table structure for table `PlantaArbol`
--

DROP TABLE IF EXISTS `PlantaArbol`;
/*!40101 SET @saved_cs_client     = @@character_set_client */;
/*!40101 SET character_set_client = utf8mb4 */;
CREATE TABLE `PlantaArbol` (
  `id_planta` int NOT NULL AUTO_INCREMENT,
  `descripcion` varchar(600) NOT NULL,
  `nombre_cientifico` varchar(100) NOT NULL,
  `fecha_plantacion` date DEFAULT NULL,
  `imagen_url` varchar(100) DEFAULT NULL,
  `periodicidad_riego` int NOT NULL,
  `periodicidad_poda` int NOT NULL,
  `periodicidad_fumigacion` int NOT NULL,
  `descripcion_ubicacion` varchar(200) DEFAULT NULL,
  `procedencia` varchar(200) DEFAULT NULL,
  `fecha_llegada` date DEFAULT NULL,
  `lat` double DEFAULT NULL,
  `lng` double DEFAULT NULL,
  PRIMARY KEY (`id_planta`)
) ENGINE=InnoDB DEFAULT CHARSET=utf8mb4 COLLATE=utf8mb4_0900_ai_ci;
/*!40101 SET character_set_client = @saved_cs_client */;

--
-- Dumping data for table `PlantaArbol`
--

LOCK TABLES `PlantaArbol` WRITE;
/*!40000 ALTER TABLE `PlantaArbol` DISABLE KEYS */;
set autocommit=0;
/*!40000 ALTER TABLE `PlantaArbol` ENABLE KEYS */;
UNLOCK TABLES;
commit;

--
-- Table structure for table `Producto`
--

DROP TABLE IF EXISTS `Producto`;
/*!40101 SET @saved_cs_client     = @@character_set_client */;
/*!40101 SET character_set_client = utf8mb4 */;
CREATE TABLE `Producto` (
  `id_producto` int NOT NULL AUTO_INCREMENT,
  `nombre` varchar(120) NOT NULL,
  `descripcion` longtext NOT NULL,
  `fecha_llegada` date DEFAULT NULL,
  PRIMARY KEY (`id_producto`)
) ENGINE=InnoDB DEFAULT CHARSET=utf8mb4 COLLATE=utf8mb4_0900_ai_ci;
/*!40101 SET character_set_client = @saved_cs_client */;

--
-- Dumping data for table `Producto`
--

LOCK TABLES `Producto` WRITE;
/*!40000 ALTER TABLE `Producto` DISABLE KEYS */;
set autocommit=0;
/*!40000 ALTER TABLE `Producto` ENABLE KEYS */;
UNLOCK TABLES;
commit;

--
-- Table structure for table `auth_group`
--

DROP TABLE IF EXISTS `auth_group`;
/*!40101 SET @saved_cs_client     = @@character_set_client */;
/*!40101 SET character_set_client = utf8mb4 */;
CREATE TABLE `auth_group` (
  `id` int NOT NULL AUTO_INCREMENT,
  `name` varchar(150) NOT NULL,
  PRIMARY KEY (`id`),
  UNIQUE KEY `name` (`name`)
) ENGINE=InnoDB DEFAULT CHARSET=utf8mb4 COLLATE=utf8mb4_0900_ai_ci;
/*!40101 SET character_set_client = @saved_cs_client */;

--
-- Dumping data for table `auth_group`
--

LOCK TABLES `auth_group` WRITE;
/*!40000 ALTER TABLE `auth_group` DISABLE KEYS */;
set autocommit=0;
/*!40000 ALTER TABLE `auth_group` ENABLE KEYS */;
UNLOCK TABLES;
commit;

--
-- Table structure for table `auth_group_permissions`
--

DROP TABLE IF EXISTS `auth_group_permissions`;
/*!40101 SET @saved_cs_client     = @@character_set_client */;
/*!40101 SET character_set_client = utf8mb4 */;
CREATE TABLE `auth_group_permissions` (
  `id` bigint NOT NULL AUTO_INCREMENT,
  `group_id` int NOT NULL,
  `permission_id` int NOT NULL,
  PRIMARY KEY (`id`),
  UNIQUE KEY `auth_group_permissions_group_id_permission_id_0cd325b0_uniq` (`group_id`,`permission_id`),
  KEY `auth_group_permissio_permission_id_84c5c92e_fk_auth_perm` (`permission_id`),
  CONSTRAINT `auth_group_permissio_permission_id_84c5c92e_fk_auth_perm` FOREIGN KEY (`permission_id`) REFERENCES `auth_permission` (`id`),
  CONSTRAINT `auth_group_permissions_group_id_b120cbf9_fk_auth_group_id` FOREIGN KEY (`group_id`) REFERENCES `auth_group` (`id`)
) ENGINE=InnoDB DEFAULT CHARSET=utf8mb4 COLLATE=utf8mb4_0900_ai_ci;
/*!40101 SET character_set_client = @saved_cs_client */;

--
-- Dumping data for table `auth_group_permissions`
--

LOCK TABLES `auth_group_permissions` WRITE;
/*!40000 ALTER TABLE `auth_group_permissions` DISABLE KEYS */;
set autocommit=0;
/*!40000 ALTER TABLE `auth_group_permissions` ENABLE KEYS */;
UNLOCK TABLES;
commit;

--
-- Table structure for table `auth_permission`
--

DROP TABLE IF EXISTS `auth_permission`;
/*!40101 SET @saved_cs_client     = @@character_set_client */;
/*!40101 SET character_set_client = utf8mb4 */;
CREATE TABLE `auth_permission` (
  `id` int NOT NULL AUTO_INCREMENT,
  `name` varchar(255) NOT NULL,
  `content_type_id` int NOT NULL,
  `codename` varchar(100) NOT NULL,
  PRIMARY KEY (`id`),
  UNIQUE KEY `auth_permission_content_type_id_codename_01ab375a_uniq` (`content_type_id`,`codename`),
  CONSTRAINT `auth_permission_content_type_id_2f476e4b_fk_django_co` FOREIGN KEY (`content_type_id`) REFERENCES `django_content_type` (`id`)
) ENGINE=InnoDB AUTO_INCREMENT=57 DEFAULT CHARSET=utf8mb4 COLLATE=utf8mb4_0900_ai_ci;
/*!40101 SET character_set_client = @saved_cs_client */;

--
-- Dumping data for table `auth_permission`
--

LOCK TABLES `auth_permission` WRITE;
/*!40000 ALTER TABLE `auth_permission` DISABLE KEYS */;
set autocommit=0;
INSERT INTO `auth_permission` VALUES
(1,'Can add usuario',1,'add_usuario'),
(2,'Can change usuario',1,'change_usuario'),
(3,'Can delete usuario',1,'delete_usuario'),
(4,'Can view usuario',1,'view_usuario'),
(5,'Can add log entry',2,'add_logentry'),
(6,'Can change log entry',2,'change_logentry'),
(7,'Can delete log entry',2,'delete_logentry'),
(8,'Can view log entry',2,'view_logentry'),
(9,'Can add permission',3,'add_permission'),
(10,'Can change permission',3,'change_permission'),
(11,'Can delete permission',3,'delete_permission'),
(12,'Can view permission',3,'view_permission'),
(13,'Can add group',4,'add_group'),
(14,'Can change group',4,'change_group'),
(15,'Can delete group',4,'delete_group'),
(16,'Can view group',4,'view_group'),
(17,'Can add content type',5,'add_contenttype'),
(18,'Can change content type',5,'change_contenttype'),
(19,'Can delete content type',5,'delete_contenttype'),
(20,'Can view content type',5,'view_contenttype'),
(21,'Can add session',6,'add_session'),
(22,'Can change session',6,'change_session'),
(23,'Can delete session',6,'delete_session'),
(24,'Can view session',6,'view_session'),
(25,'Can add planta arbol',7,'add_plantaarbol'),
(26,'Can change planta arbol',7,'change_plantaarbol'),
(27,'Can delete planta arbol',7,'delete_plantaarbol'),
(28,'Can view planta arbol',7,'view_plantaarbol'),
(29,'Can add chat general',8,'add_chatgeneral'),
(30,'Can change chat general',8,'change_chatgeneral'),
(31,'Can delete chat general',8,'delete_chatgeneral'),
(32,'Can view chat general',8,'view_chatgeneral'),
(33,'Can add chat privado',9,'add_chatprivado'),
(34,'Can change chat privado',9,'change_chatprivado'),
(35,'Can delete chat privado',9,'delete_chatprivado'),
(36,'Can view chat privado',9,'view_chatprivado'),
(37,'Can add herramienta',10,'add_herramienta'),
(38,'Can change herramienta',10,'change_herramienta'),
(39,'Can delete herramienta',10,'delete_herramienta'),
(40,'Can view herramienta',10,'view_herramienta'),
(41,'Can add asignacion herramienta',11,'add_asignacionherramienta'),
(42,'Can change asignacion herramienta',11,'change_asignacionherramienta'),
(43,'Can delete asignacion herramienta',11,'delete_asignacionherramienta'),
(44,'Can view asignacion herramienta',11,'view_asignacionherramienta'),
(45,'Can add producto',12,'add_producto'),
(46,'Can change producto',12,'change_producto'),
(47,'Can delete producto',12,'delete_producto'),
(48,'Can view producto',12,'view_producto'),
(49,'Can add asignacion producto',13,'add_asignacionproducto'),
(50,'Can change asignacion producto',13,'change_asignacionproducto'),
(51,'Can delete asignacion producto',13,'delete_asignacionproducto'),
(52,'Can view asignacion producto',13,'view_asignacionproducto'),
(53,'Can add existencia',14,'add_existencia'),
(54,'Can change existencia',14,'change_existencia'),
(55,'Can delete existencia',14,'delete_existencia'),
(56,'Can view existencia',14,'view_existencia');
/*!40000 ALTER TABLE `auth_permission` ENABLE KEYS */;
UNLOCK TABLES;
commit;

--
-- Table structure for table `django_admin_log`
--

DROP TABLE IF EXISTS `django_admin_log`;
/*!40101 SET @saved_cs_client     = @@character_set_client */;
/*!40101 SET character_set_client = utf8mb4 */;
CREATE TABLE `django_admin_log` (
  `id` int NOT NULL AUTO_INCREMENT,
  `action_time` datetime(6) NOT NULL,
  `object_id` longtext,
  `object_repr` varchar(200) NOT NULL,
  `action_flag` smallint unsigned NOT NULL,
  `change_message` longtext NOT NULL,
  `content_type_id` int DEFAULT NULL,
  `user_id` int NOT NULL,
  PRIMARY KEY (`id`),
  KEY `django_admin_log_content_type_id_c4bce8eb_fk_django_co` (`content_type_id`),
  KEY `django_admin_log_user_id_c564eba6_fk_usuario_usuario_id_usuario` (`user_id`),
  CONSTRAINT `django_admin_log_content_type_id_c4bce8eb_fk_django_co` FOREIGN KEY (`content_type_id`) REFERENCES `django_content_type` (`id`),
  CONSTRAINT `django_admin_log_user_id_c564eba6_fk_usuario_usuario_id_usuario` FOREIGN KEY (`user_id`) REFERENCES `usuario_usuario` (`id_usuario`),
  CONSTRAINT `django_admin_log_chk_1` CHECK ((`action_flag` >= 0))
) ENGINE=InnoDB DEFAULT CHARSET=utf8mb4 COLLATE=utf8mb4_0900_ai_ci;
/*!40101 SET character_set_client = @saved_cs_client */;

--
-- Dumping data for table `django_admin_log`
--

LOCK TABLES `django_admin_log` WRITE;
/*!40000 ALTER TABLE `django_admin_log` DISABLE KEYS */;
set autocommit=0;
/*!40000 ALTER TABLE `django_admin_log` ENABLE KEYS */;
UNLOCK TABLES;
commit;

--
-- Table structure for table `django_content_type`
--

DROP TABLE IF EXISTS `django_content_type`;
/*!40101 SET @saved_cs_client     = @@character_set_client */;
/*!40101 SET character_set_client = utf8mb4 */;
CREATE TABLE `django_content_type` (
  `id` int NOT NULL AUTO_INCREMENT,
  `app_label` varchar(100) NOT NULL,
  `model` varchar(100) NOT NULL,
  PRIMARY KEY (`id`),
  UNIQUE KEY `django_content_type_app_label_model_76bd3d3b_uniq` (`app_label`,`model`)
) ENGINE=InnoDB AUTO_INCREMENT=15 DEFAULT CHARSET=utf8mb4 COLLATE=utf8mb4_0900_ai_ci;
/*!40101 SET character_set_client = @saved_cs_client */;

--
-- Dumping data for table `django_content_type`
--

LOCK TABLES `django_content_type` WRITE;
/*!40000 ALTER TABLE `django_content_type` DISABLE KEYS */;
set autocommit=0;
INSERT INTO `django_content_type` VALUES
(2,'admin','logentry'),
(4,'auth','group'),
(3,'auth','permission'),
(8,'chat','chatgeneral'),
(9,'chat','chatprivado'),
(5,'contenttypes','contenttype'),
(11,'herramientas','asignacionherramienta'),
(10,'herramientas','herramienta'),
(7,'plantas','plantaarbol'),
(13,'productos','asignacionproducto'),
(14,'productos','existencia'),
(12,'productos','producto'),
(6,'sessions','session'),
(1,'usuario','usuario');
/*!40000 ALTER TABLE `django_content_type` ENABLE KEYS */;
UNLOCK TABLES;
commit;

--
-- Table structure for table `django_migrations`
--

DROP TABLE IF EXISTS `django_migrations`;
/*!40101 SET @saved_cs_client     = @@character_set_client */;
/*!40101 SET character_set_client = utf8mb4 */;
CREATE TABLE `django_migrations` (
  `id` bigint NOT NULL AUTO_INCREMENT,
  `app` varchar(255) NOT NULL,
  `name` varchar(255) NOT NULL,
  `applied` datetime(6) NOT NULL,
  PRIMARY KEY (`id`)
) ENGINE=InnoDB AUTO_INCREMENT=27 DEFAULT CHARSET=utf8mb4 COLLATE=utf8mb4_0900_ai_ci;
/*!40101 SET character_set_client = @saved_cs_client */;

--
-- Dumping data for table `django_migrations`
--

LOCK TABLES `django_migrations` WRITE;
/*!40000 ALTER TABLE `django_migrations` DISABLE KEYS */;
set autocommit=0;
INSERT INTO `django_migrations` VALUES
(1,'contenttypes','0001_initial','2025-10-23 03:55:35.771992'),
(2,'contenttypes','0002_remove_content_type_name','2025-10-23 03:55:36.251686'),
(3,'auth','0001_initial','2025-10-23 03:55:37.209659'),
(4,'auth','0002_alter_permission_name_max_length','2025-10-23 03:55:37.425737'),
(5,'auth','0003_alter_user_email_max_length','2025-10-23 03:55:37.441220'),
(6,'auth','0004_alter_user_username_opts','2025-10-23 03:55:37.458622'),
(7,'auth','0005_alter_user_last_login_null','2025-10-23 03:55:37.475218'),
(8,'auth','0006_require_contenttypes_0002','2025-10-23 03:55:37.490506'),
(9,'auth','0007_alter_validators_add_error_messages','2025-10-23 03:55:37.507397'),
(10,'auth','0008_alter_user_username_max_length','2025-10-23 03:55:37.527483'),
(11,'auth','0009_alter_user_last_name_max_length','2025-10-23 03:55:37.542802'),
(12,'auth','0010_alter_group_name_max_length','2025-10-23 03:55:37.578221'),
(13,'auth','0011_update_proxy_permissions','2025-10-23 03:55:37.595599'),
(14,'auth','0012_alter_user_first_name_max_length','2025-10-23 03:55:37.610632'),
(15,'usuario','0001_initial','2025-10-23 03:55:38.638493'),
(16,'admin','0001_initial','2025-10-23 03:55:39.096495'),
(17,'admin','0002_logentry_remove_auto_add','2025-10-23 03:55:39.114881'),
(18,'admin','0003_logentry_add_action_flag_choices','2025-10-23 03:55:39.130868'),
(19,'chat','0001_initial','2025-10-23 03:55:39.859385'),
(20,'chat','0002_alter_chatgeneral_options_alter_chatprivado_options','2025-10-23 03:55:39.879300'),
(21,'herramientas','0001_initial','2025-10-23 03:55:40.434590'),
(22,'plantas','0001_initial','2025-10-23 03:55:40.512662'),
(23,'productos','0001_initial','2025-10-23 03:55:41.352102'),
(24,'sessions','0001_initial','2025-10-23 03:55:41.478732'),
(25,'usuario','0002_alter_usuario_correo','2025-10-23 03:55:41.494806'),
(26,'usuario','0003_rename_correo_usuario_email','2025-10-23 03:55:41.570996');
/*!40000 ALTER TABLE `django_migrations` ENABLE KEYS */;
UNLOCK TABLES;
commit;

--
-- Table structure for table `django_session`
--

DROP TABLE IF EXISTS `django_session`;
/*!40101 SET @saved_cs_client     = @@character_set_client */;
/*!40101 SET character_set_client = utf8mb4 */;
CREATE TABLE `django_session` (
  `session_key` varchar(40) NOT NULL,
  `session_data` longtext NOT NULL,
  `expire_date` datetime(6) NOT NULL,
  PRIMARY KEY (`session_key`),
  KEY `django_session_expire_date_a5c62663` (`expire_date`)
) ENGINE=InnoDB DEFAULT CHARSET=utf8mb4 COLLATE=utf8mb4_0900_ai_ci;
/*!40101 SET character_set_client = @saved_cs_client */;

--
-- Dumping data for table `django_session`
--

LOCK TABLES `django_session` WRITE;
/*!40000 ALTER TABLE `django_session` DISABLE KEYS */;
set autocommit=0;
INSERT INTO `django_session` VALUES
('6dawvs5kbk4zfae3scozfnm4xjb9ps2j','.eJxVi7sOwiAUht-F2TSFU26O7j4D-XuAQDSaQJmM725NOuj6XV4iYGwljJ5aqFGchRSnX7aCb-nxFaMPtPqcDtKnK7ZWedxxOZq_saCX_YrsvF1k0mDFvHDUlLMBkpJqNWTgHc_WKhCBpTJRkqVdak95zk6J9wcl4zUK:1vBmca:_BHUWlxvYZINl0GjXJDQC6l5znSxVziIkPeahU-ds90','2025-11-06 04:08:16.529559');
/*!40000 ALTER TABLE `django_session` ENABLE KEYS */;
UNLOCK TABLES;
commit;

--
-- Table structure for table `usuario_usuario`
--

DROP TABLE IF EXISTS `usuario_usuario`;
/*!40101 SET @saved_cs_client     = @@character_set_client */;
/*!40101 SET character_set_client = utf8mb4 */;
CREATE TABLE `usuario_usuario` (
  `password` varchar(128) NOT NULL,
  `last_login` datetime(6) DEFAULT NULL,
  `is_superuser` tinyint(1) NOT NULL,
  `id_usuario` int NOT NULL AUTO_INCREMENT,
  `matricula` varchar(20) NOT NULL,
  `email` varchar(100) NOT NULL,
  `nombre_completo` varchar(100) NOT NULL,
  `rol` varchar(20) NOT NULL,
  `is_active` tinyint(1) NOT NULL,
  `is_staff` tinyint(1) NOT NULL,
  PRIMARY KEY (`id_usuario`),
  UNIQUE KEY `matricula` (`matricula`),
  UNIQUE KEY `correo` (`email`)
) ENGINE=InnoDB AUTO_INCREMENT=3 DEFAULT CHARSET=utf8mb4 COLLATE=utf8mb4_0900_ai_ci;
/*!40101 SET character_set_client = @saved_cs_client */;

--
-- Dumping data for table `usuario_usuario`
--

LOCK TABLES `usuario_usuario` WRITE;
/*!40000 ALTER TABLE `usuario_usuario` DISABLE KEYS */;
set autocommit=0;
INSERT INTO `usuario_usuario` VALUES
('pbkdf2_sha256$1000000$llbUf5ZP5zZVilgoToJxU8$CBLwvpjY0aTDp57olGqwn+1Jh5r/9YwUnNs6PRE414M=','2025-10-23 04:08:16.517461',1,1,'aoco220155','aoco220155@upemor.edu.mx','aoco220155','administrador',1,1),
('pbkdf2_sha256$1000000$ESEJxSeGclNwH6BigkU93O$wqxY2UF9ShscMtAU4VeFyWZXziY79zkq5nPeXsTHXyM=','2025-10-23 04:08:05.526269',0,2,'vugo222163','vugo222163@upemor.edu.mx','vugo222163','gestor',1,0);
/*!40000 ALTER TABLE `usuario_usuario` ENABLE KEYS */;
UNLOCK TABLES;
commit;

--
-- Table structure for table `usuario_usuario_groups`
--

DROP TABLE IF EXISTS `usuario_usuario_groups`;
/*!40101 SET @saved_cs_client     = @@character_set_client */;
/*!40101 SET character_set_client = utf8mb4 */;
CREATE TABLE `usuario_usuario_groups` (
  `id` bigint NOT NULL AUTO_INCREMENT,
  `usuario_id` int NOT NULL,
  `group_id` int NOT NULL,
  PRIMARY KEY (`id`),
  UNIQUE KEY `usuario_usuario_groups_usuario_id_group_id_a4cfb0b8_uniq` (`usuario_id`,`group_id`),
  KEY `usuario_usuario_groups_group_id_b9c090f8_fk_auth_group_id` (`group_id`),
  CONSTRAINT `usuario_usuario_grou_usuario_id_62de76a1_fk_usuario_u` FOREIGN KEY (`usuario_id`) REFERENCES `usuario_usuario` (`id_usuario`),
  CONSTRAINT `usuario_usuario_groups_group_id_b9c090f8_fk_auth_group_id` FOREIGN KEY (`group_id`) REFERENCES `auth_group` (`id`)
) ENGINE=InnoDB DEFAULT CHARSET=utf8mb4 COLLATE=utf8mb4_0900_ai_ci;
/*!40101 SET character_set_client = @saved_cs_client */;

--
-- Dumping data for table `usuario_usuario_groups`
--

LOCK TABLES `usuario_usuario_groups` WRITE;
/*!40000 ALTER TABLE `usuario_usuario_groups` DISABLE KEYS */;
set autocommit=0;
/*!40000 ALTER TABLE `usuario_usuario_groups` ENABLE KEYS */;
UNLOCK TABLES;
commit;

--
-- Table structure for table `usuario_usuario_user_permissions`
--

DROP TABLE IF EXISTS `usuario_usuario_user_permissions`;
/*!40101 SET @saved_cs_client     = @@character_set_client */;
/*!40101 SET character_set_client = utf8mb4 */;
CREATE TABLE `usuario_usuario_user_permissions` (
  `id` bigint NOT NULL AUTO_INCREMENT,
  `usuario_id` int NOT NULL,
  `permission_id` int NOT NULL,
  PRIMARY KEY (`id`),
  UNIQUE KEY `usuario_usuario_user_per_usuario_id_permission_id_c0a85055_uniq` (`usuario_id`,`permission_id`),
  KEY `usuario_usuario_user_permission_id_5cad0a4b_fk_auth_perm` (`permission_id`),
  CONSTRAINT `usuario_usuario_user_permission_id_5cad0a4b_fk_auth_perm` FOREIGN KEY (`permission_id`) REFERENCES `auth_permission` (`id`),
  CONSTRAINT `usuario_usuario_user_usuario_id_5969a193_fk_usuario_u` FOREIGN KEY (`usuario_id`) REFERENCES `usuario_usuario` (`id_usuario`)
) ENGINE=InnoDB DEFAULT CHARSET=utf8mb4 COLLATE=utf8mb4_0900_ai_ci;
/*!40101 SET character_set_client = @saved_cs_client */;

--
-- Dumping data for table `usuario_usuario_user_permissions`
--

LOCK TABLES `usuario_usuario_user_permissions` WRITE;
/*!40000 ALTER TABLE `usuario_usuario_user_permissions` DISABLE KEYS */;
set autocommit=0;
/*!40000 ALTER TABLE `usuario_usuario_user_permissions` ENABLE KEYS */;
UNLOCK TABLES;
commit;
/*!40103 SET TIME_ZONE=@OLD_TIME_ZONE */;

/*!40101 SET SQL_MODE=@OLD_SQL_MODE */;
/*!40014 SET FOREIGN_KEY_CHECKS=@OLD_FOREIGN_KEY_CHECKS */;
/*!40014 SET UNIQUE_CHECKS=@OLD_UNIQUE_CHECKS */;
/*!40101 SET CHARACTER_SET_CLIENT=@OLD_CHARACTER_SET_CLIENT */;
/*!40101 SET CHARACTER_SET_RESULTS=@OLD_CHARACTER_SET_RESULTS */;
/*!40101 SET COLLATION_CONNECTION=@OLD_COLLATION_CONNECTION */;
/*M!100616 SET NOTE_VERBOSITY=@OLD_NOTE_VERBOSITY */;

-- Dump completed on 2025-10-22 22:27:08
