/*M!999999\- enable the sandbox mode */ 
-- MariaDB dump 10.19-11.8.3-MariaDB, for debian-linux-gnu (x86_64)
--
-- Host: db    Database: EcoGest
-- ------------------------------------------------------
-- Server version	8.0.44

/*!40101 SET @OLD_CHARACTER_SET_CLIENT=@@CHARACTER_SET_CLIENT */;
/*!40101 SET @OLD_CHARACTER_SET_RESULTS=@@CHARACTER_SET_RESULTS */;
/*!40101 SET @OLD_COLLATION_CONNECTION=@@COLLATION_CONNECTION */;
/*!40101 SET NAMES utf8mb4 */;
/*!40103 SET @OLD_TIME_ZONE=@@TIME_ZONE */;
/*!40103 SET TIME_ZONE='+00:00' */;
/*!40014 SET @OLD_UNIQUE_CHECKS=@@UNIQUE_CHECKS, UNIQUE_CHECKS=0 */;
/*!40014 SET @OLD_FOREIGN_KEY_CHECKS=@@FOREIGN_KEY_CHECKS, FOREIGN_KEY_CHECKS=0 */;
/*!40101 SET @OLD_SQL_MODE=@@SQL_MODE, SQL_MODE='NO_AUTO_VALUE_ON_ZERO' */;
/*M!100616 SET @OLD_NOTE_VERBOSITY=@@NOTE_VERBOSITY, NOTE_VERBOSITY=0 */;

--
-- Table structure for table `AsignacionHerramienta`
--

DROP TABLE IF EXISTS `AsignacionHerramienta`;
/*!40101 SET @saved_cs_client     = @@character_set_client */;
/*!40101 SET character_set_client = utf8mb4 */;
CREATE TABLE `AsignacionHerramienta` (
  `id_asignacion` int NOT NULL AUTO_INCREMENT,
  `tarea_id` int unsigned NOT NULL,
  `tarea_descripcion` varchar(255) NOT NULL,
  `fecha_asignacion` datetime(6) NOT NULL,
  `asignado_por_id` int DEFAULT NULL,
  `herramienta_id` int NOT NULL,
  PRIMARY KEY (`id_asignacion`),
  KEY `AsignacionHerramient_asignado_por_id_077590f0_fk_usuario_u` (`asignado_por_id`),
  KEY `AsignacionHerramient_herramienta_id_7ec414e5_fk_Herramien` (`herramienta_id`),
  CONSTRAINT `AsignacionHerramient_asignado_por_id_077590f0_fk_usuario_u` FOREIGN KEY (`asignado_por_id`) REFERENCES `usuario_usuario` (`id_usuario`),
  CONSTRAINT `AsignacionHerramient_herramienta_id_7ec414e5_fk_Herramien` FOREIGN KEY (`herramienta_id`) REFERENCES `Herramienta` (`id_herramienta`),
  CONSTRAINT `AsignacionHerramienta_chk_1` CHECK ((`tarea_id` >= 0))
) ENGINE=InnoDB DEFAULT CHARSET=utf8mb4 COLLATE=utf8mb4_0900_ai_ci;
/*!40101 SET character_set_client = @saved_cs_client */;

--
-- Dumping data for table `AsignacionHerramienta`
--

LOCK TABLES `AsignacionHerramienta` WRITE;
/*!40000 ALTER TABLE `AsignacionHerramienta` DISABLE KEYS */;
set autocommit=0;
/*!40000 ALTER TABLE `AsignacionHerramienta` ENABLE KEYS */;
UNLOCK TABLES;
commit;

--
-- Table structure for table `AsignacionProducto`
--

DROP TABLE IF EXISTS `AsignacionProducto`;
/*!40101 SET @saved_cs_client     = @@character_set_client */;
/*!40101 SET character_set_client = utf8mb4 */;
CREATE TABLE `AsignacionProducto` (
  `id_asignacion` int NOT NULL AUTO_INCREMENT,
  `tarea_id` int unsigned NOT NULL,
  `cantidad` int unsigned NOT NULL,
  `fecha_asignacion` datetime(6) NOT NULL,
  `asignado_por_id` int DEFAULT NULL,
  `producto_id` int NOT NULL,
  PRIMARY KEY (`id_asignacion`),
  KEY `AsignacionProducto_asignado_por_id_125eb25b_fk_usuario_u` (`asignado_por_id`),
  KEY `AsignacionProducto_producto_id_ff2e7c81_fk_Producto_id_producto` (`producto_id`),
  CONSTRAINT `AsignacionProducto_asignado_por_id_125eb25b_fk_usuario_u` FOREIGN KEY (`asignado_por_id`) REFERENCES `usuario_usuario` (`id_usuario`),
  CONSTRAINT `AsignacionProducto_producto_id_ff2e7c81_fk_Producto_id_producto` FOREIGN KEY (`producto_id`) REFERENCES `Producto` (`id_producto`),
  CONSTRAINT `AsignacionProducto_chk_1` CHECK ((`tarea_id` >= 0)),
  CONSTRAINT `AsignacionProducto_chk_2` CHECK ((`cantidad` >= 0))
) ENGINE=InnoDB DEFAULT CHARSET=utf8mb4 COLLATE=utf8mb4_0900_ai_ci;
/*!40101 SET character_set_client = @saved_cs_client */;

--
-- Dumping data for table `AsignacionProducto`
--

LOCK TABLES `AsignacionProducto` WRITE;
/*!40000 ALTER TABLE `AsignacionProducto` DISABLE KEYS */;
set autocommit=0;
/*!40000 ALTER TABLE `AsignacionProducto` ENABLE KEYS */;
UNLOCK TABLES;
commit;

--
-- Table structure for table `ChatGeneral`
--

DROP TABLE IF EXISTS `ChatGeneral`;
/*!40101 SET @saved_cs_client     = @@character_set_client */;
/*!40101 SET character_set_client = utf8mb4 */;
CREATE TABLE `ChatGeneral` (
  `id_mensaje` int NOT NULL AUTO_INCREMENT,
  `mensaje` longtext NOT NULL,
  `fecha_envio` datetime(6) NOT NULL,
  `usuario_id` int NOT NULL,
  PRIMARY KEY (`id_mensaje`),
  KEY `ChatGeneral_usuario_id_b4ceebb0_fk_usuario_usuario_id_usuario` (`usuario_id`),
  CONSTRAINT `ChatGeneral_usuario_id_b4ceebb0_fk_usuario_usuario_id_usuario` FOREIGN KEY (`usuario_id`) REFERENCES `usuario_usuario` (`id_usuario`)
) ENGINE=InnoDB DEFAULT CHARSET=utf8mb4 COLLATE=utf8mb4_0900_ai_ci;
/*!40101 SET character_set_client = @saved_cs_client */;

--
-- Dumping data for table `ChatGeneral`
--

LOCK TABLES `ChatGeneral` WRITE;
/*!40000 ALTER TABLE `ChatGeneral` DISABLE KEYS */;
set autocommit=0;
/*!40000 ALTER TABLE `ChatGeneral` ENABLE KEYS */;
UNLOCK TABLES;
commit;

--
-- Table structure for table `ChatPrivado`
--

DROP TABLE IF EXISTS `ChatPrivado`;
/*!40101 SET @saved_cs_client     = @@character_set_client */;
/*!40101 SET character_set_client = utf8mb4 */;
CREATE TABLE `ChatPrivado` (
  `id_chat` int NOT NULL AUTO_INCREMENT,
  `mensaje` longtext NOT NULL,
  `fecha_envio` datetime(6) NOT NULL,
  `emisor_id` int NOT NULL,
  `receptor_id` int NOT NULL,
  PRIMARY KEY (`id_chat`),
  KEY `ChatPrivado_emisor_id_9a615525_fk_usuario_usuario_id_usuario` (`emisor_id`),
  KEY `ChatPrivado_receptor_id_c1856882_fk_usuario_usuario_id_usuario` (`receptor_id`),
  CONSTRAINT `ChatPrivado_emisor_id_9a615525_fk_usuario_usuario_id_usuario` FOREIGN KEY (`emisor_id`) REFERENCES `usuario_usuario` (`id_usuario`),
  CONSTRAINT `ChatPrivado_receptor_id_c1856882_fk_usuario_usuario_id_usuario` FOREIGN KEY (`receptor_id`) REFERENCES `usuario_usuario` (`id_usuario`)
) ENGINE=InnoDB DEFAULT CHARSET=utf8mb4 COLLATE=utf8mb4_0900_ai_ci;
/*!40101 SET character_set_client = @saved_cs_client */;

--
-- Dumping data for table `ChatPrivado`
--

LOCK TABLES `ChatPrivado` WRITE;
/*!40000 ALTER TABLE `ChatPrivado` DISABLE KEYS */;
set autocommit=0;
/*!40000 ALTER TABLE `ChatPrivado` ENABLE KEYS */;
UNLOCK TABLES;
commit;

--
-- Table structure for table `Existencia`
--

DROP TABLE IF EXISTS `Existencia`;
/*!40101 SET @saved_cs_client     = @@character_set_client */;
/*!40101 SET character_set_client = utf8mb4 */;
CREATE TABLE `Existencia` (
  `id_existencia` int NOT NULL AUTO_INCREMENT,
  `cantidad` int NOT NULL,
  `fecha_registro` datetime(6) NOT NULL,
  `id_producto` int NOT NULL,
  PRIMARY KEY (`id_existencia`),
  UNIQUE KEY `id_producto` (`id_producto`),
  CONSTRAINT `Existencia_id_producto_f36d006f_fk_Producto_id_producto` FOREIGN KEY (`id_producto`) REFERENCES `Producto` (`id_producto`)
) ENGINE=InnoDB DEFAULT CHARSET=utf8mb4 COLLATE=utf8mb4_0900_ai_ci;
/*!40101 SET character_set_client = @saved_cs_client */;

--
-- Dumping data for table `Existencia`
--

LOCK TABLES `Existencia` WRITE;
/*!40000 ALTER TABLE `Existencia` DISABLE KEYS */;
set autocommit=0;
/*!40000 ALTER TABLE `Existencia` ENABLE KEYS */;
UNLOCK TABLES;
commit;

--
-- Table structure for table `Herramienta`
--

DROP TABLE IF EXISTS `Herramienta`;
/*!40101 SET @saved_cs_client     = @@character_set_client */;
/*!40101 SET character_set_client = utf8mb4 */;
CREATE TABLE `Herramienta` (
  `id_herramienta` int NOT NULL AUTO_INCREMENT,
  `nombre` varchar(100) NOT NULL,
  `descripcion` longtext NOT NULL,
  PRIMARY KEY (`id_herramienta`)
) ENGINE=InnoDB DEFAULT CHARSET=utf8mb4 COLLATE=utf8mb4_0900_ai_ci;
/*!40101 SET character_set_client = @saved_cs_client */;

--
-- Dumping data for table `Herramienta`
--

LOCK TABLES `Herramienta` WRITE;
/*!40000 ALTER TABLE `Herramienta` DISABLE KEYS */;
set autocommit=0;
/*!40000 ALTER TABLE `Herramienta` ENABLE KEYS */;
UNLOCK TABLES;
commit;

--
-- Table structure for table `PlantaArbol`
--

DROP TABLE IF EXISTS `PlantaArbol`;
/*!40101 SET @saved_cs_client     = @@character_set_client */;
/*!40101 SET character_set_client = utf8mb4 */;
CREATE TABLE `PlantaArbol` (
  `id_planta` int NOT NULL AUTO_INCREMENT,
  `descripcion` varchar(600) NOT NULL,
  `nombre_cientifico` varchar(100) NOT NULL,
  `fecha_plantacion` date DEFAULT NULL,
  `imagen_url` varchar(100) DEFAULT NULL,
  `periodicidad_riego` int NOT NULL,
  `periodicidad_poda` int NOT NULL,
  `periodicidad_fumigacion` int NOT NULL,
  `descripcion_ubicacion` varchar(200) DEFAULT NULL,
  `procedencia` varchar(200) DEFAULT NULL,
  `fecha_llegada` date DEFAULT NULL,
  `lat` double DEFAULT NULL,
  `lng` double DEFAULT NULL,
  PRIMARY KEY (`id_planta`)
) ENGINE=InnoDB AUTO_INCREMENT=2 DEFAULT CHARSET=utf8mb4 COLLATE=utf8mb4_0900_ai_ci;
/*!40101 SET character_set_client = @saved_cs_client */;

--
-- Dumping data for table `PlantaArbol`
--

LOCK TABLES `PlantaArbol` WRITE;
/*!40000 ALTER TABLE `PlantaArbol` DISABLE KEYS */;
set autocommit=0;
INSERT INTO `PlantaArbol` VALUES
(1,'we','we','2025-10-03','plantas/2025/10/a_EOi4Mrx.jpeg',2,2,2,'2','2','2025-10-23',18.889584,-99.139638);
/*!40000 ALTER TABLE `PlantaArbol` ENABLE KEYS */;
UNLOCK TABLES;
commit;

--
-- Table structure for table `Producto`
--

DROP TABLE IF EXISTS `Producto`;
/*!40101 SET @saved_cs_client     = @@character_set_client */;
/*!40101 SET character_set_client = utf8mb4 */;
CREATE TABLE `Producto` (
  `id_producto` int NOT NULL AUTO_INCREMENT,
  `nombre` varchar(120) NOT NULL,
  `descripcion` longtext NOT NULL,
  `fecha_llegada` date DEFAULT NULL,
  PRIMARY KEY (`id_producto`)
) ENGINE=InnoDB DEFAULT CHARSET=utf8mb4 COLLATE=utf8mb4_0900_ai_ci;
/*!40101 SET character_set_client = @saved_cs_client */;

--
-- Dumping data for table `Producto`
--

LOCK TABLES `Producto` WRITE;
/*!40000 ALTER TABLE `Producto` DISABLE KEYS */;
set autocommit=0;
/*!40000 ALTER TABLE `Producto` ENABLE KEYS */;
UNLOCK TABLES;
commit;

--
-- Table structure for table `auth_group`
--

DROP TABLE IF EXISTS `auth_group`;
/*!40101 SET @saved_cs_client     = @@character_set_client */;
/*!40101 SET character_set_client = utf8mb4 */;
CREATE TABLE `auth_group` (
  `id` int NOT NULL AUTO_INCREMENT,
  `name` varchar(150) NOT NULL,
  PRIMARY KEY (`id`),
  UNIQUE KEY `name` (`name`)
) ENGINE=InnoDB DEFAULT CHARSET=utf8mb4 COLLATE=utf8mb4_0900_ai_ci;
/*!40101 SET character_set_client = @saved_cs_client */;

--
-- Dumping data for table `auth_group`
--

LOCK TABLES `auth_group` WRITE;
/*!40000 ALTER TABLE `auth_group` DISABLE KEYS */;
set autocommit=0;
/*!40000 ALTER TABLE `auth_group` ENABLE KEYS */;
UNLOCK TABLES;
commit;

--
-- Table structure for table `auth_group_permissions`
--

DROP TABLE IF EXISTS `auth_group_permissions`;
/*!40101 SET @saved_cs_client     = @@character_set_client */;
/*!40101 SET character_set_client = utf8mb4 */;
CREATE TABLE `auth_group_permissions` (
  `id` bigint NOT NULL AUTO_INCREMENT,
  `group_id` int NOT NULL,
  `permission_id` int NOT NULL,
  PRIMARY KEY (`id`),
  UNIQUE KEY `auth_group_permissions_group_id_permission_id_0cd325b0_uniq` (`group_id`,`permission_id`),
  KEY `auth_group_permissio_permission_id_84c5c92e_fk_auth_perm` (`permission_id`),
  CONSTRAINT `auth_group_permissio_permission_id_84c5c92e_fk_auth_perm` FOREIGN KEY (`permission_id`) REFERENCES `auth_permission` (`id`),
  CONSTRAINT `auth_group_permissions_group_id_b120cbf9_fk_auth_group_id` FOREIGN KEY (`group_id`) REFERENCES `auth_group` (`id`)
) ENGINE=InnoDB DEFAULT CHARSET=utf8mb4 COLLATE=utf8mb4_0900_ai_ci;
/*!40101 SET character_set_client = @saved_cs_client */;

--
-- Dumping data for table `auth_group_permissions`
--

LOCK TABLES `auth_group_permissions` WRITE;
/*!40000 ALTER TABLE `auth_group_permissions` DISABLE KEYS */;
set autocommit=0;
/*!40000 ALTER TABLE `auth_group_permissions` ENABLE KEYS */;
UNLOCK TABLES;
commit;

--
-- Table structure for table `auth_permission`
--

DROP TABLE IF EXISTS `auth_permission`;
/*!40101 SET @saved_cs_client     = @@character_set_client */;
/*!40101 SET character_set_client = utf8mb4 */;
CREATE TABLE `auth_permission` (
  `id` int NOT NULL AUTO_INCREMENT,
  `name` varchar(255) NOT NULL,
  `content_type_id` int NOT NULL,
  `codename` varchar(100) NOT NULL,
  PRIMARY KEY (`id`),
  UNIQUE KEY `auth_permission_content_type_id_codename_01ab375a_uniq` (`content_type_id`,`codename`),
  CONSTRAINT `auth_permission_content_type_id_2f476e4b_fk_django_co` FOREIGN KEY (`content_type_id`) REFERENCES `django_content_type` (`id`)
) ENGINE=InnoDB AUTO_INCREMENT=57 DEFAULT CHARSET=utf8mb4 COLLATE=utf8mb4_0900_ai_ci;
/*!40101 SET character_set_client = @saved_cs_client */;

--
-- Dumping data for table `auth_permission`
--

LOCK TABLES `auth_permission` WRITE;
/*!40000 ALTER TABLE `auth_permission` DISABLE KEYS */;
set autocommit=0;
INSERT INTO `auth_permission` VALUES
(1,'Can add usuario',1,'add_usuario'),
(2,'Can change usuario',1,'change_usuario'),
(3,'Can delete usuario',1,'delete_usuario'),
(4,'Can view usuario',1,'view_usuario'),
(5,'Can add log entry',2,'add_logentry'),
(6,'Can change log entry',2,'change_logentry'),
(7,'Can delete log entry',2,'delete_logentry'),
(8,'Can view log entry',2,'view_logentry'),
(9,'Can add permission',3,'add_permission'),
(10,'Can change permission',3,'change_permission'),
(11,'Can delete permission',3,'delete_permission'),
(12,'Can view permission',3,'view_permission'),
(13,'Can add group',4,'add_group'),
(14,'Can change group',4,'change_group'),
(15,'Can delete group',4,'delete_group'),
(16,'Can view group',4,'view_group'),
(17,'Can add content type',5,'add_contenttype'),
(18,'Can change content type',5,'change_contenttype'),
(19,'Can delete content type',5,'delete_contenttype'),
(20,'Can view content type',5,'view_contenttype'),
(21,'Can add session',6,'add_session'),
(22,'Can change session',6,'change_session'),
(23,'Can delete session',6,'delete_session'),
(24,'Can view session',6,'view_session'),
(25,'Can add planta arbol',7,'add_plantaarbol'),
(26,'Can change planta arbol',7,'change_plantaarbol'),
(27,'Can delete planta arbol',7,'delete_plantaarbol'),
(28,'Can view planta arbol',7,'view_plantaarbol'),
(29,'Can add chat general',8,'add_chatgeneral'),
(30,'Can change chat general',8,'change_chatgeneral'),
(31,'Can delete chat general',8,'delete_chatgeneral'),
(32,'Can view chat general',8,'view_chatgeneral'),
(33,'Can add chat privado',9,'add_chatprivado'),
(34,'Can change chat privado',9,'change_chatprivado'),
(35,'Can delete chat privado',9,'delete_chatprivado'),
(36,'Can view chat privado',9,'view_chatprivado'),
(37,'Can add herramienta',10,'add_herramienta'),
(38,'Can change herramienta',10,'change_herramienta'),
(39,'Can delete herramienta',10,'delete_herramienta'),
(40,'Can view herramienta',10,'view_herramienta'),
(41,'Can add asignacion herramienta',11,'add_asignacionherramienta'),
(42,'Can change asignacion herramienta',11,'change_asignacionherramienta'),
(43,'Can delete asignacion herramienta',11,'delete_asignacionherramienta'),
(44,'Can view asignacion herramienta',11,'view_asignacionherramienta'),
(45,'Can add producto',12,'add_producto'),
(46,'Can change producto',12,'change_producto'),
(47,'Can delete producto',12,'delete_producto'),
(48,'Can view producto',12,'view_producto'),
(49,'Can add asignacion producto',13,'add_asignacionproducto'),
(50,'Can change asignacion producto',13,'change_asignacionproducto'),
(51,'Can delete asignacion producto',13,'delete_asignacionproducto'),
(52,'Can view asignacion producto',13,'view_asignacionproducto'),
(53,'Can add existencia',14,'add_existencia'),
(54,'Can change existencia',14,'change_existencia'),
(55,'Can delete existencia',14,'delete_existencia'),
(56,'Can view existencia',14,'view_existencia');
/*!40000 ALTER TABLE `auth_permission` ENABLE KEYS */;
UNLOCK TABLES;
commit;

--
-- Table structure for table `django_admin_log`
--

DROP TABLE IF EXISTS `django_admin_log`;
/*!40101 SET @saved_cs_client     = @@character_set_client */;
/*!40101 SET character_set_client = utf8mb4 */;
CREATE TABLE `django_admin_log` (
  `id` int NOT NULL AUTO_INCREMENT,
  `action_time` datetime(6) NOT NULL,
  `object_id` longtext,
  `object_repr` varchar(200) NOT NULL,
  `action_flag` smallint unsigned NOT NULL,
  `change_message` longtext NOT NULL,
  `content_type_id` int DEFAULT NULL,
  `user_id` int NOT NULL,
  PRIMARY KEY (`id`),
  KEY `django_admin_log_content_type_id_c4bce8eb_fk_django_co` (`content_type_id`),
  KEY `django_admin_log_user_id_c564eba6_fk_usuario_usuario_id_usuario` (`user_id`),
  CONSTRAINT `django_admin_log_content_type_id_c4bce8eb_fk_django_co` FOREIGN KEY (`content_type_id`) REFERENCES `django_content_type` (`id`),
  CONSTRAINT `django_admin_log_user_id_c564eba6_fk_usuario_usuario_id_usuario` FOREIGN KEY (`user_id`) REFERENCES `usuario_usuario` (`id_usuario`),
  CONSTRAINT `django_admin_log_chk_1` CHECK ((`action_flag` >= 0))
) ENGINE=InnoDB DEFAULT CHARSET=utf8mb4 COLLATE=utf8mb4_0900_ai_ci;
/*!40101 SET character_set_client = @saved_cs_client */;

--
-- Dumping data for table `django_admin_log`
--

LOCK TABLES `django_admin_log` WRITE;
/*!40000 ALTER TABLE `django_admin_log` DISABLE KEYS */;
set autocommit=0;
/*!40000 ALTER TABLE `django_admin_log` ENABLE KEYS */;
UNLOCK TABLES;
commit;

--
-- Table structure for table `django_content_type`
--

DROP TABLE IF EXISTS `django_content_type`;
/*!40101 SET @saved_cs_client     = @@character_set_client */;
/*!40101 SET character_set_client = utf8mb4 */;
CREATE TABLE `django_content_type` (
  `id` int NOT NULL AUTO_INCREMENT,
  `app_label` varchar(100) NOT NULL,
  `model` varchar(100) NOT NULL,
  PRIMARY KEY (`id`),
  UNIQUE KEY `django_content_type_app_label_model_76bd3d3b_uniq` (`app_label`,`model`)
) ENGINE=InnoDB AUTO_INCREMENT=15 DEFAULT CHARSET=utf8mb4 COLLATE=utf8mb4_0900_ai_ci;
/*!40101 SET character_set_client = @saved_cs_client */;

--
-- Dumping data for table `django_content_type`
--

LOCK TABLES `django_content_type` WRITE;
/*!40000 ALTER TABLE `django_content_type` DISABLE KEYS */;
set autocommit=0;
INSERT INTO `django_content_type` VALUES
(2,'admin','logentry'),
(4,'auth','group'),
(3,'auth','permission'),
(8,'chat','chatgeneral'),
(9,'chat','chatprivado'),
(5,'contenttypes','contenttype'),
(11,'herramientas','asignacionherramienta'),
(10,'herramientas','herramienta'),
(7,'plantas','plantaarbol'),
(13,'productos','asignacionproducto'),
(14,'productos','existencia'),
(12,'productos','producto'),
(6,'sessions','session'),
(1,'usuario','usuario');
/*!40000 ALTER TABLE `django_content_type` ENABLE KEYS */;
UNLOCK TABLES;
commit;

--
-- Table structure for table `django_migrations`
--

DROP TABLE IF EXISTS `django_migrations`;
/*!40101 SET @saved_cs_client     = @@character_set_client */;
/*!40101 SET character_set_client = utf8mb4 */;
CREATE TABLE `django_migrations` (
  `id` bigint NOT NULL AUTO_INCREMENT,
  `app` varchar(255) NOT NULL,
  `name` varchar(255) NOT NULL,
  `applied` datetime(6) NOT NULL,
  PRIMARY KEY (`id`)
) ENGINE=InnoDB AUTO_INCREMENT=27 DEFAULT CHARSET=utf8mb4 COLLATE=utf8mb4_0900_ai_ci;
/*!40101 SET character_set_client = @saved_cs_client */;

--
-- Dumping data for table `django_migrations`
--

LOCK TABLES `django_migrations` WRITE;
/*!40000 ALTER TABLE `django_migrations` DISABLE KEYS */;
set autocommit=0;
INSERT INTO `django_migrations` VALUES
(1,'contenttypes','0001_initial','2025-10-23 21:38:14.207910'),
(2,'contenttypes','0002_remove_content_type_name','2025-10-23 21:38:14.557705'),
(3,'auth','0001_initial','2025-10-23 21:38:15.450350'),
(4,'auth','0002_alter_permission_name_max_length','2025-10-23 21:38:15.669613'),
(5,'auth','0003_alter_user_email_max_length','2025-10-23 21:38:15.682849'),
(6,'auth','0004_alter_user_username_opts','2025-10-23 21:38:15.704724'),
(7,'auth','0005_alter_user_last_login_null','2025-10-23 21:38:15.722033'),
(8,'auth','0006_require_contenttypes_0002','2025-10-23 21:38:15.735832'),
(9,'auth','0007_alter_validators_add_error_messages','2025-10-23 21:38:15.754498'),
(10,'auth','0008_alter_user_username_max_length','2025-10-23 21:38:15.773015'),
(11,'auth','0009_alter_user_last_name_max_length','2025-10-23 21:38:15.790117'),
(12,'auth','0010_alter_group_name_max_length','2025-10-23 21:38:15.831470'),
(13,'auth','0011_update_proxy_permissions','2025-10-23 21:38:15.847196'),
(14,'auth','0012_alter_user_first_name_max_length','2025-10-23 21:38:15.862850'),
(15,'usuario','0001_initial','2025-10-23 21:38:17.047817'),
(16,'admin','0001_initial','2025-10-23 21:38:17.560282'),
(17,'admin','0002_logentry_remove_auto_add','2025-10-23 21:38:17.575249'),
(18,'admin','0003_logentry_add_action_flag_choices','2025-10-23 21:38:17.592506'),
(19,'chat','0001_initial','2025-10-23 21:38:18.355163'),
(20,'chat','0002_alter_chatgeneral_options_alter_chatprivado_options','2025-10-23 21:38:18.378916'),
(21,'herramientas','0001_initial','2025-10-23 21:38:18.952043'),
(22,'plantas','0001_initial','2025-10-23 21:38:19.042738'),
(23,'productos','0001_initial','2025-10-23 21:38:19.886927'),
(24,'sessions','0001_initial','2025-10-23 21:38:20.039368'),
(25,'usuario','0002_alter_usuario_correo','2025-10-23 21:38:20.064587'),
(26,'usuario','0003_rename_correo_usuario_email','2025-10-23 21:38:20.181813');
/*!40000 ALTER TABLE `django_migrations` ENABLE KEYS */;
UNLOCK TABLES;
commit;

--
-- Table structure for table `django_session`
--

DROP TABLE IF EXISTS `django_session`;
/*!40101 SET @saved_cs_client     = @@character_set_client */;
/*!40101 SET character_set_client = utf8mb4 */;
CREATE TABLE `django_session` (
  `session_key` varchar(40) NOT NULL,
  `session_data` longtext NOT NULL,
  `expire_date` datetime(6) NOT NULL,
  PRIMARY KEY (`session_key`),
  KEY `django_session_expire_date_a5c62663` (`expire_date`)
) ENGINE=InnoDB DEFAULT CHARSET=utf8mb4 COLLATE=utf8mb4_0900_ai_ci;
/*!40101 SET character_set_client = @saved_cs_client */;

--
-- Dumping data for table `django_session`
--

LOCK TABLES `django_session` WRITE;
/*!40000 ALTER TABLE `django_session` DISABLE KEYS */;
set autocommit=0;
INSERT INTO `django_session` VALUES
('0mkr0zbulrjj0thtgbg3s2p0ta8bxrsw','.eJxVizsOAiEQhu9CbTY77CyIpb1nIMMPBKLRBJbKeHc12ULb7_FUXsZW_Oip-RrVSZE6_LIguKb7V4w-pNXHtJM-XWRrFeMm5735G4v08rmgYZ11wfAcIwuywK6JWUvM7DhCr9BLtpiJKBksBsRHawIxXI5Jvd4n0jWo:1vC6r4:DIXHdd1D2fiY7FJYRL1sWK4CB_EMN3cTeoSiZhvGtLE','2025-10-24 01:44:52.075552'),
('56y1wqsszi7vhhlaat50zxdlq5v475s1','.eJxVizsOAiEQhu9CbTY77CyIpb1nIMMPBKLRBJbKeHc12ULb7_FUXsZW_Oip-RrVSZE6_LIguKb7V4w-pNXHtJM-XWRrFeMm5735G4v08rmgYZ11wfAcIwuywK6JWUvM7DhCr9BLtpiJKBksBsRHawIxXI5Jvd4n0jWo:1vC7D6:XSweIef9kuYTLOQWNa3L7ELxleYW_xC6WrsgdRB-hnQ','2025-10-24 02:07:38.863132'),
('abndhjmrc8rjapqnaw8ycspnj7dd4nnn','.eJxVizsOAiEQhu9CbTY77CyIpb1nIMMPBKLRBJbKeHc12ULb7_FUXsZW_Oip-RrVSZE6_LIguKb7V4w-pNXHtJM-XWRrFeMm5735G4v08rmgYZ11wfAcIwuywK6JWUvM7DhCr9BLtpiJKBksBsRHawIxXI5Jvd4n0jWo:1vC71m:K-ghhtl4mNxwuVBb5CfpNvcgXvyiGjxmMY6Ny091VO0','2025-10-24 01:55:56.605401'),
('e5imvlcnr8a7n0je63qewyu056jzxs5b','.eJxVizsOAiEQhu9CbTY77CyIpb1nIMMPBKLRBJbKeHc12ULb7_FUXsZW_Oip-RrVSZE6_LIguKb7V4w-pNXHtJM-XWRrFeMm5735G4v08rmgYZ11wfAcIwuywK6JWUvM7DhCr9BLtpiJKBksBsRHawIxXI5Jvd4n0jWo:1vC3fN:nzxTz16B9nz8VEzvn-V2wgHUTYt1eSEinYISjfuZrDo','2025-10-23 22:20:27.305050'),
('enu9l46838rfz3zoi1e2g6tawmbe2opq','.eJxVizsOAiEQhu9CbTY77CyIpb1nIMMPBKLRBJbKeHc12ULb7_FUXsZW_Oip-RrVSZE6_LIguKb7V4w-pNXHtJM-XWRrFeMm5735G4v08rmgYZ11wfAcIwuywK6JWUvM7DhCr9BLtpiJKBksBsRHawIxXI5Jvd4n0jWo:1vC7Ff:2enfIuGlFzTpw9lK2V072oGmfJBPwOF5AAoHvMIM4o4','2025-10-24 02:10:17.452518'),
('im9z7a1g0azwsegzpko0ufgl1z0dawlg','.eJxVizsOAiEQhu9CbTY77CyIpb1nIMMPBKLRBJbKeHc12ULb7_FUXsZW_Oip-RrVSZE6_LIguKb7V4w-pNXHtJM-XWRrFeMm5735G4v08rmgYZ11wfAcIwuywK6JWUvM7DhCr9BLtpiJKBksBsRHawIxXI5Jvd4n0jWo:1vC73o:9TsuBdIalEpzEYxKYOK1-QiyMKwkDsVFqfXkV_hN2Us','2025-10-24 01:58:02.834940'),
('j0i42ctpjtz92jvfrvgi73ou9jt7mdch','.eJxVizsOAiEQhu9CbTY77CyIpb1nIMMPBKLRBJbKeHc12ULb7_FUXsZW_Oip-RrVSZE6_LIguKb7V4w-pNXHtJM-XWRrFeMm5735G4v08rmgYZ11wfAcIwuywK6JWUvM7DhCr9BLtpiJKBksBsRHawIxXI5Jvd4n0jWo:1vC7sh:5jxVHJc2PgNVXTjQjWFyYYyUj5DCDFDmdPXw-sCi0iI','2025-10-24 03:20:19.070232'),
('pcaivnmqq1i7e0bcl5x82w0bmvcxprjk','.eJxVizsOAiEQhu9CbTY77CyIpb1nIMMPBKLRBJbKeHc12ULb7_FUXsZW_Oip-RrVSZE6_LIguKb7V4w-pNXHtJM-XWRrFeMm5735G4v08rmgYZ11wfAcIwuywK6JWUvM7DhCr9BLtpiJKBksBsRHawIxXI5Jvd4n0jWo:1vC6t2:WPYZXsgWQddJsw2sNax95jxs1VBJI2D4BJjiTyUO9jE','2025-10-24 01:46:54.801591'),
('pi1ld4kmmunkdkq8bino32kq3ng6xxug','.eJxVizsOAiEQhu9CbTY77CyIpb1nIMMPBKLRBJbKeHc12ULb7_FUXsZW_Oip-RrVSZE6_LIguKb7V4w-pNXHtJM-XWRrFeMm5735G4v08rmgYZ11wfAcIwuywK6JWUvM7DhCr9BLtpiJKBksBsRHawIxXI5Jvd4n0jWo:1vC6ti:vVYTMqMj9O_Tac0a3DKavQL5Qdk-0mP6GdMGOuMjI7k','2025-10-24 01:47:36.509730'),
('pr47je3quja7zhx767icwuu4vj96337r','.eJxVi0sKwjAQhu-StZTJq9O6dN8zhD_JlBRFIWlW4t1V6EK33-OpAvpeQm9Sw5bVWRl1-mUR6Sr3r-ito26P4SBtWLDXLfUbLkfzNxa08rkceE2MnBOPxNGzZUOY9eyshmM9TzpGIlqTOG89iAy0yDSSeCPk1esNA1k0bA:1vC7Nu:oJZQQY-zVlCsxyfzqbep4xBFJXk4AWtGgHkWNNTmHDM','2025-10-24 02:48:30.431601'),
('qj5arxr6dnv6e4gguht1a7schpvr43wq','.eJxVizsOAiEQhu9CbTY77CyIpb1nIMMPBKLRBJbKeHc12ULb7_FUXsZW_Oip-RrVSZE6_LIguKb7V4w-pNXHtJM-XWRrFeMm5735G4v08rmgYZ11wfAcIwuywK6JWUvM7DhCr9BLtpiJKBksBsRHawIxXI5Jvd4n0jWo:1vC6rQ:M1HVOi2RR_Rb-VQJOnM223941olTUGadPdJZLs6YLzg','2025-10-24 01:45:14.854229'),
('v2hy7hckcvwa19tf24rg8248zj6heu09','.eJxVizsOAiEQhu9CbTY77CyIpb1nIMMPBKLRBJbKeHc12ULb7_FUXsZW_Oip-RrVSZE6_LIguKb7V4w-pNXHtJM-XWRrFeMm5735G4v08rmgYZ11wfAcIwuywK6JWUvM7DhCr9BLtpiJKBksBsRHawIxXI5Jvd4n0jWo:1vC72n:xsSUj3q7sYAjpm1BWTSWhZOLs2R5UeSLMxLE2-wUBM4','2025-10-24 01:56:59.335670'),
('wgfqgx7sczh06gr6k37us4iqf502kqrj','.eJxVizsOAiEQhu9CbTY77CyIpb1nIMMPBKLRBJbKeHc12ULb7_FUXsZW_Oip-RrVSZE6_LIguKb7V4w-pNXHtJM-XWRrFeMm5735G4v08rmgYZ11wfAcIwuywK6JWUvM7DhCr9BLtpiJKBksBsRHawIxXI5Jvd4n0jWo:1vC3d2:Ph_h090sMghTu9xEegE-DmEIhWpK6o6AM1M8qztB5o0','2025-10-23 22:18:02.602876'),
('xccgdmj0173uiq09tydim8lanc8bt59k','.eJxVizsOAiEQhu9CbTY77CyIpb1nIMMPBKLRBJbKeHc12ULb7_FUXsZW_Oip-RrVSZE6_LIguKb7V4w-pNXHtJM-XWRrFeMm5735G4v08rmgYZ11wfAcIwuywK6JWUvM7DhCr9BLtpiJKBksBsRHawIxXI5Jvd4n0jWo:1vC6qG:r3g0VBpg3rFdckc6OYlLjqgFCfcZ2hpQU04IlLyCXi0','2025-10-24 01:44:02.638947'),
('y8pr2qi3mykqsxrw0srnwohr2vo94hn3','.eJxVizsOAiEQhu9CbTY77CyIpb1nIMMPBKLRBJbKeHc12ULb7_FUXsZW_Oip-RrVSZE6_LIguKb7V4w-pNXHtJM-XWRrFeMm5735G4v08rmgYZ11wfAcIwuywK6JWUvM7DhCr9BLtpiJKBksBsRHawIxXI5Jvd4n0jWo:1vC73E:yLHIX9F2RvZ5yotAGgI1mxGyrZYqHnS2OyKQ3qWBu2c','2025-10-24 01:57:26.893636');
/*!40000 ALTER TABLE `django_session` ENABLE KEYS */;
UNLOCK TABLES;
commit;

--
-- Table structure for table `usuario_usuario`
--

DROP TABLE IF EXISTS `usuario_usuario`;
/*!40101 SET @saved_cs_client     = @@character_set_client */;
/*!40101 SET character_set_client = utf8mb4 */;
CREATE TABLE `usuario_usuario` (
  `password` varchar(128) NOT NULL,
  `last_login` datetime(6) DEFAULT NULL,
  `is_superuser` tinyint(1) NOT NULL,
  `id_usuario` int NOT NULL AUTO_INCREMENT,
  `matricula` varchar(20) NOT NULL,
  `email` varchar(100) NOT NULL,
  `nombre_completo` varchar(100) NOT NULL,
  `rol` varchar(20) NOT NULL,
  `is_active` tinyint(1) NOT NULL,
  `is_staff` tinyint(1) NOT NULL,
  PRIMARY KEY (`id_usuario`),
  UNIQUE KEY `matricula` (`matricula`),
  UNIQUE KEY `correo` (`email`)
) ENGINE=InnoDB AUTO_INCREMENT=4 DEFAULT CHARSET=utf8mb4 COLLATE=utf8mb4_0900_ai_ci;
/*!40101 SET character_set_client = @saved_cs_client */;

--
-- Dumping data for table `usuario_usuario`
--

LOCK TABLES `usuario_usuario` WRITE;
/*!40000 ALTER TABLE `usuario_usuario` DISABLE KEYS */;
set autocommit=0;
INSERT INTO `usuario_usuario` VALUES
('pbkdf2_sha256$1000000$4jPZeMxn9ENXvA6j4WzBnj$a81IB2Ke2RmDG0Sp2afC1uTc8kTVKRmgsszL4maH7TM=','2025-10-24 02:50:19.064469',1,1,'aoco220155','aoco220155@upemor.edu.mx','aoco220155','administrador',1,1),
('pbkdf2_sha256$1000000$SkYId3vcRXSIFtQqh5yKQm$YmZKz5buKl8NEFiqjzpFk43MTNRDjGvgo59yqeT/+eA=','2025-10-24 02:18:30.417393',0,2,'vugo1234','vugo1234@gmail.com','vugo1234','mantenimiento',1,0),
('pbkdf2_sha256$1000000$xjMZ9Fw6pHZoslp7wdO33z$UxLSIRcClxMZJhKABfIFyHdPwbfvJ0rD1P/xm0QV7oI=','2025-10-24 02:15:29.206617',0,3,'vugo','vugo@gmail.com','vugo','gestor',1,0);
/*!40000 ALTER TABLE `usuario_usuario` ENABLE KEYS */;
UNLOCK TABLES;
commit;

--
-- Table structure for table `usuario_usuario_groups`
--

DROP TABLE IF EXISTS `usuario_usuario_groups`;
/*!40101 SET @saved_cs_client     = @@character_set_client */;
/*!40101 SET character_set_client = utf8mb4 */;
CREATE TABLE `usuario_usuario_groups` (
  `id` bigint NOT NULL AUTO_INCREMENT,
  `usuario_id` int NOT NULL,
  `group_id` int NOT NULL,
  PRIMARY KEY (`id`),
  UNIQUE KEY `usuario_usuario_groups_usuario_id_group_id_a4cfb0b8_uniq` (`usuario_id`,`group_id`),
  KEY `usuario_usuario_groups_group_id_b9c090f8_fk_auth_group_id` (`group_id`),
  CONSTRAINT `usuario_usuario_grou_usuario_id_62de76a1_fk_usuario_u` FOREIGN KEY (`usuario_id`) REFERENCES `usuario_usuario` (`id_usuario`),
  CONSTRAINT `usuario_usuario_groups_group_id_b9c090f8_fk_auth_group_id` FOREIGN KEY (`group_id`) REFERENCES `auth_group` (`id`)
) ENGINE=InnoDB DEFAULT CHARSET=utf8mb4 COLLATE=utf8mb4_0900_ai_ci;
/*!40101 SET character_set_client = @saved_cs_client */;

--
-- Dumping data for table `usuario_usuario_groups`
--

LOCK TABLES `usuario_usuario_groups` WRITE;
/*!40000 ALTER TABLE `usuario_usuario_groups` DISABLE KEYS */;
set autocommit=0;
/*!40000 ALTER TABLE `usuario_usuario_groups` ENABLE KEYS */;
UNLOCK TABLES;
commit;

--
-- Table structure for table `usuario_usuario_user_permissions`
--

DROP TABLE IF EXISTS `usuario_usuario_user_permissions`;
/*!40101 SET @saved_cs_client     = @@character_set_client */;
/*!40101 SET character_set_client = utf8mb4 */;
CREATE TABLE `usuario_usuario_user_permissions` (
  `id` bigint NOT NULL AUTO_INCREMENT,
  `usuario_id` int NOT NULL,
  `permission_id` int NOT NULL,
  PRIMARY KEY (`id`),
  UNIQUE KEY `usuario_usuario_user_per_usuario_id_permission_id_c0a85055_uniq` (`usuario_id`,`permission_id`),
  KEY `usuario_usuario_user_permission_id_5cad0a4b_fk_auth_perm` (`permission_id`),
  CONSTRAINT `usuario_usuario_user_permission_id_5cad0a4b_fk_auth_perm` FOREIGN KEY (`permission_id`) REFERENCES `auth_permission` (`id`),
  CONSTRAINT `usuario_usuario_user_usuario_id_5969a193_fk_usuario_u` FOREIGN KEY (`usuario_id`) REFERENCES `usuario_usuario` (`id_usuario`)
) ENGINE=InnoDB DEFAULT CHARSET=utf8mb4 COLLATE=utf8mb4_0900_ai_ci;
/*!40101 SET character_set_client = @saved_cs_client */;

--
-- Dumping data for table `usuario_usuario_user_permissions`
--

LOCK TABLES `usuario_usuario_user_permissions` WRITE;
/*!40000 ALTER TABLE `usuario_usuario_user_permissions` DISABLE KEYS */;
set autocommit=0;
/*!40000 ALTER TABLE `usuario_usuario_user_permissions` ENABLE KEYS */;
UNLOCK TABLES;
commit;
/*!40103 SET TIME_ZONE=@OLD_TIME_ZONE */;

/*!40101 SET SQL_MODE=@OLD_SQL_MODE */;
/*!40014 SET FOREIGN_KEY_CHECKS=@OLD_FOREIGN_KEY_CHECKS */;
/*!40014 SET UNIQUE_CHECKS=@OLD_UNIQUE_CHECKS */;
/*!40101 SET CHARACTER_SET_CLIENT=@OLD_CHARACTER_SET_CLIENT */;
/*!40101 SET CHARACTER_SET_RESULTS=@OLD_CHARACTER_SET_RESULTS */;
/*!40101 SET COLLATION_CONNECTION=@OLD_COLLATION_CONNECTION */;
/*M!100616 SET NOTE_VERBOSITY=@OLD_NOTE_VERBOSITY */;

-- Dump completed on 2025-10-23 20:52:21
