/*M!999999\- enable the sandbox mode */ 
-- MariaDB dump 10.19-11.8.3-MariaDB, for debian-linux-gnu (x86_64)
--
-- Host: db    Database: EcoGest
-- ------------------------------------------------------
-- Server version	8.0.43

/*!40101 SET @OLD_CHARACTER_SET_CLIENT=@@CHARACTER_SET_CLIENT */;
/*!40101 SET @OLD_CHARACTER_SET_RESULTS=@@CHARACTER_SET_RESULTS */;
/*!40101 SET @OLD_COLLATION_CONNECTION=@@COLLATION_CONNECTION */;
/*!40101 SET NAMES utf8mb4 */;
/*!40103 SET @OLD_TIME_ZONE=@@TIME_ZONE */;
/*!40103 SET TIME_ZONE='+00:00' */;
/*!40014 SET @OLD_UNIQUE_CHECKS=@@UNIQUE_CHECKS, UNIQUE_CHECKS=0 */;
/*!40014 SET @OLD_FOREIGN_KEY_CHECKS=@@FOREIGN_KEY_CHECKS, FOREIGN_KEY_CHECKS=0 */;
/*!40101 SET @OLD_SQL_MODE=@@SQL_MODE, SQL_MODE='NO_AUTO_VALUE_ON_ZERO' */;
/*M!100616 SET @OLD_NOTE_VERBOSITY=@@NOTE_VERBOSITY, NOTE_VERBOSITY=0 */;

--
-- Table structure for table `AsignacionHerramienta`
--

DROP TABLE IF EXISTS `AsignacionHerramienta`;
/*!40101 SET @saved_cs_client     = @@character_set_client */;
/*!40101 SET character_set_client = utf8mb4 */;
CREATE TABLE `AsignacionHerramienta` (
  `id_asignacion` int NOT NULL AUTO_INCREMENT,
  `tarea_id` int unsigned NOT NULL,
  `tarea_descripcion` varchar(255) NOT NULL,
  `fecha_asignacion` datetime(6) NOT NULL,
  `asignado_por_id` int DEFAULT NULL,
  `herramienta_id` int NOT NULL,
  PRIMARY KEY (`id_asignacion`),
  KEY `AsignacionHerramient_asignado_por_id_077590f0_fk_usuario_u` (`asignado_por_id`),
  KEY `AsignacionHerramient_herramienta_id_7ec414e5_fk_Herramien` (`herramienta_id`),
  CONSTRAINT `AsignacionHerramient_asignado_por_id_077590f0_fk_usuario_u` FOREIGN KEY (`asignado_por_id`) REFERENCES `usuario_usuario` (`id_usuario`),
  CONSTRAINT `AsignacionHerramient_herramienta_id_7ec414e5_fk_Herramien` FOREIGN KEY (`herramienta_id`) REFERENCES `Herramienta` (`id_herramienta`),
  CONSTRAINT `AsignacionHerramienta_chk_1` CHECK ((`tarea_id` >= 0))
) ENGINE=InnoDB DEFAULT CHARSET=utf8mb4 COLLATE=utf8mb4_0900_ai_ci;
/*!40101 SET character_set_client = @saved_cs_client */;

--
-- Dumping data for table `AsignacionHerramienta`
--

LOCK TABLES `AsignacionHerramienta` WRITE;
/*!40000 ALTER TABLE `AsignacionHerramienta` DISABLE KEYS */;
set autocommit=0;
/*!40000 ALTER TABLE `AsignacionHerramienta` ENABLE KEYS */;
UNLOCK TABLES;
commit;

--
-- Table structure for table `ChatGeneral`
--

DROP TABLE IF EXISTS `ChatGeneral`;
/*!40101 SET @saved_cs_client     = @@character_set_client */;
/*!40101 SET character_set_client = utf8mb4 */;
CREATE TABLE `ChatGeneral` (
  `id_mensaje` int NOT NULL AUTO_INCREMENT,
  `mensaje` longtext NOT NULL,
  `fecha_envio` datetime(6) NOT NULL,
  `usuario_id` int NOT NULL,
  PRIMARY KEY (`id_mensaje`),
  KEY `ChatGeneral_usuario_id_b4ceebb0_fk_usuario_usuario_id_usuario` (`usuario_id`),
  CONSTRAINT `ChatGeneral_usuario_id_b4ceebb0_fk_usuario_usuario_id_usuario` FOREIGN KEY (`usuario_id`) REFERENCES `usuario_usuario` (`id_usuario`)
) ENGINE=InnoDB DEFAULT CHARSET=utf8mb4 COLLATE=utf8mb4_0900_ai_ci;
/*!40101 SET character_set_client = @saved_cs_client */;

--
-- Dumping data for table `ChatGeneral`
--

LOCK TABLES `ChatGeneral` WRITE;
/*!40000 ALTER TABLE `ChatGeneral` DISABLE KEYS */;
set autocommit=0;
/*!40000 ALTER TABLE `ChatGeneral` ENABLE KEYS */;
UNLOCK TABLES;
commit;

--
-- Table structure for table `ChatPrivado`
--

DROP TABLE IF EXISTS `ChatPrivado`;
/*!40101 SET @saved_cs_client     = @@character_set_client */;
/*!40101 SET character_set_client = utf8mb4 */;
CREATE TABLE `ChatPrivado` (
  `id_chat` int NOT NULL AUTO_INCREMENT,
  `mensaje` longtext NOT NULL,
  `fecha_envio` datetime(6) NOT NULL,
  `emisor_id` int NOT NULL,
  `receptor_id` int NOT NULL,
  PRIMARY KEY (`id_chat`),
  KEY `ChatPrivado_emisor_id_9a615525_fk_usuario_usuario_id_usuario` (`emisor_id`),
  KEY `ChatPrivado_receptor_id_c1856882_fk_usuario_usuario_id_usuario` (`receptor_id`),
  CONSTRAINT `ChatPrivado_emisor_id_9a615525_fk_usuario_usuario_id_usuario` FOREIGN KEY (`emisor_id`) REFERENCES `usuario_usuario` (`id_usuario`),
  CONSTRAINT `ChatPrivado_receptor_id_c1856882_fk_usuario_usuario_id_usuario` FOREIGN KEY (`receptor_id`) REFERENCES `usuario_usuario` (`id_usuario`)
) ENGINE=InnoDB DEFAULT CHARSET=utf8mb4 COLLATE=utf8mb4_0900_ai_ci;
/*!40101 SET character_set_client = @saved_cs_client */;

--
-- Dumping data for table `ChatPrivado`
--

LOCK TABLES `ChatPrivado` WRITE;
/*!40000 ALTER TABLE `ChatPrivado` DISABLE KEYS */;
set autocommit=0;
/*!40000 ALTER TABLE `ChatPrivado` ENABLE KEYS */;
UNLOCK TABLES;
commit;

--
-- Table structure for table `Herramienta`
--

DROP TABLE IF EXISTS `Herramienta`;
/*!40101 SET @saved_cs_client     = @@character_set_client */;
/*!40101 SET character_set_client = utf8mb4 */;
CREATE TABLE `Herramienta` (
  `id_herramienta` int NOT NULL AUTO_INCREMENT,
  `nombre` varchar(100) NOT NULL,
  `descripcion` longtext NOT NULL,
  PRIMARY KEY (`id_herramienta`)
) ENGINE=InnoDB DEFAULT CHARSET=utf8mb4 COLLATE=utf8mb4_0900_ai_ci;
/*!40101 SET character_set_client = @saved_cs_client */;

--
-- Dumping data for table `Herramienta`
--

LOCK TABLES `Herramienta` WRITE;
/*!40000 ALTER TABLE `Herramienta` DISABLE KEYS */;
set autocommit=0;
/*!40000 ALTER TABLE `Herramienta` ENABLE KEYS */;
UNLOCK TABLES;
commit;

--
-- Table structure for table `PlantaArbol`
--

DROP TABLE IF EXISTS `PlantaArbol`;
/*!40101 SET @saved_cs_client     = @@character_set_client */;
/*!40101 SET character_set_client = utf8mb4 */;
CREATE TABLE `PlantaArbol` (
  `id_planta` int NOT NULL AUTO_INCREMENT,
  `descripcion` varchar(600) NOT NULL,
  `nombre_cientifico` varchar(100) NOT NULL,
  `fecha_plantacion` date DEFAULT NULL,
  `imagen_url` varchar(100) DEFAULT NULL,
  `periodicidad_riego` int NOT NULL,
  `periodicidad_poda` int NOT NULL,
  `periodicidad_fumigacion` int NOT NULL,
  `descripcion_ubicacion` varchar(200) DEFAULT NULL,
  `procedencia` varchar(200) DEFAULT NULL,
  `fecha_llegada` date DEFAULT NULL,
  `lat` double DEFAULT NULL,
  `lng` double DEFAULT NULL,
  PRIMARY KEY (`id_planta`)
) ENGINE=InnoDB AUTO_INCREMENT=2 DEFAULT CHARSET=utf8mb4 COLLATE=utf8mb4_0900_ai_ci;
/*!40101 SET character_set_client = @saved_cs_client */;

--
-- Dumping data for table `PlantaArbol`
--

LOCK TABLES `PlantaArbol` WRITE;
/*!40000 ALTER TABLE `PlantaArbol` DISABLE KEYS */;
set autocommit=0;
INSERT INTO `PlantaArbol` VALUES
(1,'aRBOLITYO3','BOLITYO','2020-10-10','plantas/2025/10/arbol-de-guanacaste_3mwj1T0.jpg',2,2,2,'aRBOLIYO BONILLO','JIUTEPEC','2003-01-01',18.889683,-99.13951);
/*!40000 ALTER TABLE `PlantaArbol` ENABLE KEYS */;
UNLOCK TABLES;
commit;

--
-- Table structure for table `auth_group`
--

DROP TABLE IF EXISTS `auth_group`;
/*!40101 SET @saved_cs_client     = @@character_set_client */;
/*!40101 SET character_set_client = utf8mb4 */;
CREATE TABLE `auth_group` (
  `id` int NOT NULL AUTO_INCREMENT,
  `name` varchar(150) NOT NULL,
  PRIMARY KEY (`id`),
  UNIQUE KEY `name` (`name`)
) ENGINE=InnoDB DEFAULT CHARSET=utf8mb4 COLLATE=utf8mb4_0900_ai_ci;
/*!40101 SET character_set_client = @saved_cs_client */;

--
-- Dumping data for table `auth_group`
--

LOCK TABLES `auth_group` WRITE;
/*!40000 ALTER TABLE `auth_group` DISABLE KEYS */;
set autocommit=0;
/*!40000 ALTER TABLE `auth_group` ENABLE KEYS */;
UNLOCK TABLES;
commit;

--
-- Table structure for table `auth_group_permissions`
--

DROP TABLE IF EXISTS `auth_group_permissions`;
/*!40101 SET @saved_cs_client     = @@character_set_client */;
/*!40101 SET character_set_client = utf8mb4 */;
CREATE TABLE `auth_group_permissions` (
  `id` bigint NOT NULL AUTO_INCREMENT,
  `group_id` int NOT NULL,
  `permission_id` int NOT NULL,
  PRIMARY KEY (`id`),
  UNIQUE KEY `auth_group_permissions_group_id_permission_id_0cd325b0_uniq` (`group_id`,`permission_id`),
  KEY `auth_group_permissio_permission_id_84c5c92e_fk_auth_perm` (`permission_id`),
  CONSTRAINT `auth_group_permissio_permission_id_84c5c92e_fk_auth_perm` FOREIGN KEY (`permission_id`) REFERENCES `auth_permission` (`id`),
  CONSTRAINT `auth_group_permissions_group_id_b120cbf9_fk_auth_group_id` FOREIGN KEY (`group_id`) REFERENCES `auth_group` (`id`)
) ENGINE=InnoDB DEFAULT CHARSET=utf8mb4 COLLATE=utf8mb4_0900_ai_ci;
/*!40101 SET character_set_client = @saved_cs_client */;

--
-- Dumping data for table `auth_group_permissions`
--

LOCK TABLES `auth_group_permissions` WRITE;
/*!40000 ALTER TABLE `auth_group_permissions` DISABLE KEYS */;
set autocommit=0;
/*!40000 ALTER TABLE `auth_group_permissions` ENABLE KEYS */;
UNLOCK TABLES;
commit;

--
-- Table structure for table `auth_permission`
--

DROP TABLE IF EXISTS `auth_permission`;
/*!40101 SET @saved_cs_client     = @@character_set_client */;
/*!40101 SET character_set_client = utf8mb4 */;
CREATE TABLE `auth_permission` (
  `id` int NOT NULL AUTO_INCREMENT,
  `name` varchar(255) NOT NULL,
  `content_type_id` int NOT NULL,
  `codename` varchar(100) NOT NULL,
  PRIMARY KEY (`id`),
  UNIQUE KEY `auth_permission_content_type_id_codename_01ab375a_uniq` (`content_type_id`,`codename`),
  CONSTRAINT `auth_permission_content_type_id_2f476e4b_fk_django_co` FOREIGN KEY (`content_type_id`) REFERENCES `django_content_type` (`id`)
) ENGINE=InnoDB AUTO_INCREMENT=45 DEFAULT CHARSET=utf8mb4 COLLATE=utf8mb4_0900_ai_ci;
/*!40101 SET character_set_client = @saved_cs_client */;

--
-- Dumping data for table `auth_permission`
--

LOCK TABLES `auth_permission` WRITE;
/*!40000 ALTER TABLE `auth_permission` DISABLE KEYS */;
set autocommit=0;
INSERT INTO `auth_permission` VALUES
(1,'Can add usuario',1,'add_usuario'),
(2,'Can change usuario',1,'change_usuario'),
(3,'Can delete usuario',1,'delete_usuario'),
(4,'Can view usuario',1,'view_usuario'),
(5,'Can add log entry',2,'add_logentry'),
(6,'Can change log entry',2,'change_logentry'),
(7,'Can delete log entry',2,'delete_logentry'),
(8,'Can view log entry',2,'view_logentry'),
(9,'Can add permission',3,'add_permission'),
(10,'Can change permission',3,'change_permission'),
(11,'Can delete permission',3,'delete_permission'),
(12,'Can view permission',3,'view_permission'),
(13,'Can add group',4,'add_group'),
(14,'Can change group',4,'change_group'),
(15,'Can delete group',4,'delete_group'),
(16,'Can view group',4,'view_group'),
(17,'Can add content type',5,'add_contenttype'),
(18,'Can change content type',5,'change_contenttype'),
(19,'Can delete content type',5,'delete_contenttype'),
(20,'Can view content type',5,'view_contenttype'),
(21,'Can add session',6,'add_session'),
(22,'Can change session',6,'change_session'),
(23,'Can delete session',6,'delete_session'),
(24,'Can view session',6,'view_session'),
(25,'Can add planta arbol',7,'add_plantaarbol'),
(26,'Can change planta arbol',7,'change_plantaarbol'),
(27,'Can delete planta arbol',7,'delete_plantaarbol'),
(28,'Can view planta arbol',7,'view_plantaarbol'),
(29,'Can add chat general',8,'add_chatgeneral'),
(30,'Can change chat general',8,'change_chatgeneral'),
(31,'Can delete chat general',8,'delete_chatgeneral'),
(32,'Can view chat general',8,'view_chatgeneral'),
(33,'Can add chat privado',9,'add_chatprivado'),
(34,'Can change chat privado',9,'change_chatprivado'),
(35,'Can delete chat privado',9,'delete_chatprivado'),
(36,'Can view chat privado',9,'view_chatprivado'),
(37,'Can add herramienta',10,'add_herramienta'),
(38,'Can change herramienta',10,'change_herramienta'),
(39,'Can delete herramienta',10,'delete_herramienta'),
(40,'Can view herramienta',10,'view_herramienta'),
(41,'Can add asignacion herramienta',11,'add_asignacionherramienta'),
(42,'Can change asignacion herramienta',11,'change_asignacionherramienta'),
(43,'Can delete asignacion herramienta',11,'delete_asignacionherramienta'),
(44,'Can view asignacion herramienta',11,'view_asignacionherramienta');
/*!40000 ALTER TABLE `auth_permission` ENABLE KEYS */;
UNLOCK TABLES;
commit;

--
-- Table structure for table `django_admin_log`
--

DROP TABLE IF EXISTS `django_admin_log`;
/*!40101 SET @saved_cs_client     = @@character_set_client */;
/*!40101 SET character_set_client = utf8mb4 */;
CREATE TABLE `django_admin_log` (
  `id` int NOT NULL AUTO_INCREMENT,
  `action_time` datetime(6) NOT NULL,
  `object_id` longtext,
  `object_repr` varchar(200) NOT NULL,
  `action_flag` smallint unsigned NOT NULL,
  `change_message` longtext NOT NULL,
  `content_type_id` int DEFAULT NULL,
  `user_id` int NOT NULL,
  PRIMARY KEY (`id`),
  KEY `django_admin_log_content_type_id_c4bce8eb_fk_django_co` (`content_type_id`),
  KEY `django_admin_log_user_id_c564eba6_fk_usuario_usuario_id_usuario` (`user_id`),
  CONSTRAINT `django_admin_log_content_type_id_c4bce8eb_fk_django_co` FOREIGN KEY (`content_type_id`) REFERENCES `django_content_type` (`id`),
  CONSTRAINT `django_admin_log_user_id_c564eba6_fk_usuario_usuario_id_usuario` FOREIGN KEY (`user_id`) REFERENCES `usuario_usuario` (`id_usuario`),
  CONSTRAINT `django_admin_log_chk_1` CHECK ((`action_flag` >= 0))
) ENGINE=InnoDB DEFAULT CHARSET=utf8mb4 COLLATE=utf8mb4_0900_ai_ci;
/*!40101 SET character_set_client = @saved_cs_client */;

--
-- Dumping data for table `django_admin_log`
--

LOCK TABLES `django_admin_log` WRITE;
/*!40000 ALTER TABLE `django_admin_log` DISABLE KEYS */;
set autocommit=0;
/*!40000 ALTER TABLE `django_admin_log` ENABLE KEYS */;
UNLOCK TABLES;
commit;

--
-- Table structure for table `django_content_type`
--

DROP TABLE IF EXISTS `django_content_type`;
/*!40101 SET @saved_cs_client     = @@character_set_client */;
/*!40101 SET character_set_client = utf8mb4 */;
CREATE TABLE `django_content_type` (
  `id` int NOT NULL AUTO_INCREMENT,
  `app_label` varchar(100) NOT NULL,
  `model` varchar(100) NOT NULL,
  PRIMARY KEY (`id`),
  UNIQUE KEY `django_content_type_app_label_model_76bd3d3b_uniq` (`app_label`,`model`)
) ENGINE=InnoDB AUTO_INCREMENT=12 DEFAULT CHARSET=utf8mb4 COLLATE=utf8mb4_0900_ai_ci;
/*!40101 SET character_set_client = @saved_cs_client */;

--
-- Dumping data for table `django_content_type`
--

LOCK TABLES `django_content_type` WRITE;
/*!40000 ALTER TABLE `django_content_type` DISABLE KEYS */;
set autocommit=0;
INSERT INTO `django_content_type` VALUES
(2,'admin','logentry'),
(4,'auth','group'),
(3,'auth','permission'),
(8,'chat','chatgeneral'),
(9,'chat','chatprivado'),
(5,'contenttypes','contenttype'),
(11,'herramientas','asignacionherramienta'),
(10,'herramientas','herramienta'),
(7,'plantas','plantaarbol'),
(6,'sessions','session'),
(1,'usuario','usuario');
/*!40000 ALTER TABLE `django_content_type` ENABLE KEYS */;
UNLOCK TABLES;
commit;

--
-- Table structure for table `django_migrations`
--

DROP TABLE IF EXISTS `django_migrations`;
/*!40101 SET @saved_cs_client     = @@character_set_client */;
/*!40101 SET character_set_client = utf8mb4 */;
CREATE TABLE `django_migrations` (
  `id` bigint NOT NULL AUTO_INCREMENT,
  `app` varchar(255) NOT NULL,
  `name` varchar(255) NOT NULL,
  `applied` datetime(6) NOT NULL,
  PRIMARY KEY (`id`)
) ENGINE=InnoDB AUTO_INCREMENT=26 DEFAULT CHARSET=utf8mb4 COLLATE=utf8mb4_0900_ai_ci;
/*!40101 SET character_set_client = @saved_cs_client */;

--
-- Dumping data for table `django_migrations`
--

LOCK TABLES `django_migrations` WRITE;
/*!40000 ALTER TABLE `django_migrations` DISABLE KEYS */;
set autocommit=0;
INSERT INTO `django_migrations` VALUES
(1,'contenttypes','0001_initial','2025-10-21 04:12:13.483346'),
(2,'contenttypes','0002_remove_content_type_name','2025-10-21 04:12:14.166896'),
(3,'auth','0001_initial','2025-10-21 04:12:15.448384'),
(4,'auth','0002_alter_permission_name_max_length','2025-10-21 04:12:15.675347'),
(5,'auth','0003_alter_user_email_max_length','2025-10-21 04:12:15.693218'),
(6,'auth','0004_alter_user_username_opts','2025-10-21 04:12:15.720163'),
(7,'auth','0005_alter_user_last_login_null','2025-10-21 04:12:15.755364'),
(8,'auth','0006_require_contenttypes_0002','2025-10-21 04:12:15.768512'),
(9,'auth','0007_alter_validators_add_error_messages','2025-10-21 04:12:15.791502'),
(10,'auth','0008_alter_user_username_max_length','2025-10-21 04:12:15.822945'),
(11,'auth','0009_alter_user_last_name_max_length','2025-10-21 04:12:15.848829'),
(12,'auth','0010_alter_group_name_max_length','2025-10-21 04:12:15.910000'),
(13,'auth','0011_update_proxy_permissions','2025-10-21 04:12:15.954778'),
(14,'auth','0012_alter_user_first_name_max_length','2025-10-21 04:12:16.006465'),
(15,'usuario','0001_initial','2025-10-21 04:12:17.542720'),
(16,'admin','0001_initial','2025-10-21 04:12:18.059794'),
(17,'admin','0002_logentry_remove_auto_add','2025-10-21 04:12:18.081587'),
(18,'admin','0003_logentry_add_action_flag_choices','2025-10-21 04:12:18.098376'),
(19,'chat','0001_initial','2025-10-21 04:12:18.888777'),
(20,'chat','0002_alter_chatgeneral_options_alter_chatprivado_options','2025-10-21 04:12:18.949043'),
(21,'herramientas','0001_initial','2025-10-21 04:12:19.520574'),
(22,'plantas','0001_initial','2025-10-21 04:12:19.603830'),
(23,'sessions','0001_initial','2025-10-21 04:12:19.744386'),
(24,'usuario','0002_alter_usuario_correo','2025-10-21 04:12:19.763037'),
(25,'usuario','0003_rename_correo_usuario_email','2025-10-21 04:12:19.847574');
/*!40000 ALTER TABLE `django_migrations` ENABLE KEYS */;
UNLOCK TABLES;
commit;

--
-- Table structure for table `django_session`
--

DROP TABLE IF EXISTS `django_session`;
/*!40101 SET @saved_cs_client     = @@character_set_client */;
/*!40101 SET character_set_client = utf8mb4 */;
CREATE TABLE `django_session` (
  `session_key` varchar(40) NOT NULL,
  `session_data` longtext NOT NULL,
  `expire_date` datetime(6) NOT NULL,
  PRIMARY KEY (`session_key`),
  KEY `django_session_expire_date_a5c62663` (`expire_date`)
) ENGINE=InnoDB DEFAULT CHARSET=utf8mb4 COLLATE=utf8mb4_0900_ai_ci;
/*!40101 SET character_set_client = @saved_cs_client */;

--
-- Dumping data for table `django_session`
--

LOCK TABLES `django_session` WRITE;
/*!40000 ALTER TABLE `django_session` DISABLE KEYS */;
set autocommit=0;
INSERT INTO `django_session` VALUES
('98ylt6kwcybfzplahve26t3zy85dabkm','.eJxVi7sOwiAUht-F2TRce6ije5-B_BwgEI0mpUzGd1eTDrp-l6cIGHsNo-cttCTOQonTL4vga75_xegDW3tMB-nTin1rPG64HM3fWNHr58rJxzKrUozJTAmQhiVrz4rgF29tIrKIDi5pRcpqg2wzwdllluSLeL0BMVk1Sw:1vB3jy:DpBwpQy7sCh-QJ6e514yn1SLb39Mo5zPIUVvSQAinlc','2025-11-04 04:12:54.275224');
/*!40000 ALTER TABLE `django_session` ENABLE KEYS */;
UNLOCK TABLES;
commit;

--
-- Table structure for table `usuario_usuario`
--

DROP TABLE IF EXISTS `usuario_usuario`;
/*!40101 SET @saved_cs_client     = @@character_set_client */;
/*!40101 SET character_set_client = utf8mb4 */;
CREATE TABLE `usuario_usuario` (
  `password` varchar(128) NOT NULL,
  `last_login` datetime(6) DEFAULT NULL,
  `is_superuser` tinyint(1) NOT NULL,
  `id_usuario` int NOT NULL AUTO_INCREMENT,
  `matricula` varchar(20) NOT NULL,
  `email` varchar(100) NOT NULL,
  `nombre_completo` varchar(100) NOT NULL,
  `rol` varchar(20) NOT NULL,
  `is_active` tinyint(1) NOT NULL,
  `is_staff` tinyint(1) NOT NULL,
  PRIMARY KEY (`id_usuario`),
  UNIQUE KEY `matricula` (`matricula`),
  UNIQUE KEY `correo` (`email`)
) ENGINE=InnoDB AUTO_INCREMENT=2 DEFAULT CHARSET=utf8mb4 COLLATE=utf8mb4_0900_ai_ci;
/*!40101 SET character_set_client = @saved_cs_client */;

--
-- Dumping data for table `usuario_usuario`
--

LOCK TABLES `usuario_usuario` WRITE;
/*!40000 ALTER TABLE `usuario_usuario` DISABLE KEYS */;
set autocommit=0;
INSERT INTO `usuario_usuario` VALUES
('pbkdf2_sha256$1000000$kKZbBH3CIAhbBtAFd6tjcb$imhumUvV2M5QfMcxnR8YUDP+dp+0iyLcg77BmduRdtY=','2025-10-21 04:12:54.261839',1,1,'aoco220155','aoco220155@upemor.edu.mx','aoco220155','administrador',1,1);
/*!40000 ALTER TABLE `usuario_usuario` ENABLE KEYS */;
UNLOCK TABLES;
commit;

--
-- Table structure for table `usuario_usuario_groups`
--

DROP TABLE IF EXISTS `usuario_usuario_groups`;
/*!40101 SET @saved_cs_client     = @@character_set_client */;
/*!40101 SET character_set_client = utf8mb4 */;
CREATE TABLE `usuario_usuario_groups` (
  `id` bigint NOT NULL AUTO_INCREMENT,
  `usuario_id` int NOT NULL,
  `group_id` int NOT NULL,
  PRIMARY KEY (`id`),
  UNIQUE KEY `usuario_usuario_groups_usuario_id_group_id_a4cfb0b8_uniq` (`usuario_id`,`group_id`),
  KEY `usuario_usuario_groups_group_id_b9c090f8_fk_auth_group_id` (`group_id`),
  CONSTRAINT `usuario_usuario_grou_usuario_id_62de76a1_fk_usuario_u` FOREIGN KEY (`usuario_id`) REFERENCES `usuario_usuario` (`id_usuario`),
  CONSTRAINT `usuario_usuario_groups_group_id_b9c090f8_fk_auth_group_id` FOREIGN KEY (`group_id`) REFERENCES `auth_group` (`id`)
) ENGINE=InnoDB DEFAULT CHARSET=utf8mb4 COLLATE=utf8mb4_0900_ai_ci;
/*!40101 SET character_set_client = @saved_cs_client */;

--
-- Dumping data for table `usuario_usuario_groups`
--

LOCK TABLES `usuario_usuario_groups` WRITE;
/*!40000 ALTER TABLE `usuario_usuario_groups` DISABLE KEYS */;
set autocommit=0;
/*!40000 ALTER TABLE `usuario_usuario_groups` ENABLE KEYS */;
UNLOCK TABLES;
commit;

--
-- Table structure for table `usuario_usuario_user_permissions`
--

DROP TABLE IF EXISTS `usuario_usuario_user_permissions`;
/*!40101 SET @saved_cs_client     = @@character_set_client */;
/*!40101 SET character_set_client = utf8mb4 */;
CREATE TABLE `usuario_usuario_user_permissions` (
  `id` bigint NOT NULL AUTO_INCREMENT,
  `usuario_id` int NOT NULL,
  `permission_id` int NOT NULL,
  PRIMARY KEY (`id`),
  UNIQUE KEY `usuario_usuario_user_per_usuario_id_permission_id_c0a85055_uniq` (`usuario_id`,`permission_id`),
  KEY `usuario_usuario_user_permission_id_5cad0a4b_fk_auth_perm` (`permission_id`),
  CONSTRAINT `usuario_usuario_user_permission_id_5cad0a4b_fk_auth_perm` FOREIGN KEY (`permission_id`) REFERENCES `auth_permission` (`id`),
  CONSTRAINT `usuario_usuario_user_usuario_id_5969a193_fk_usuario_u` FOREIGN KEY (`usuario_id`) REFERENCES `usuario_usuario` (`id_usuario`)
) ENGINE=InnoDB DEFAULT CHARSET=utf8mb4 COLLATE=utf8mb4_0900_ai_ci;
/*!40101 SET character_set_client = @saved_cs_client */;

--
-- Dumping data for table `usuario_usuario_user_permissions`
--

LOCK TABLES `usuario_usuario_user_permissions` WRITE;
/*!40000 ALTER TABLE `usuario_usuario_user_permissions` DISABLE KEYS */;
set autocommit=0;
/*!40000 ALTER TABLE `usuario_usuario_user_permissions` ENABLE KEYS */;
UNLOCK TABLES;
commit;
/*!40103 SET TIME_ZONE=@OLD_TIME_ZONE */;

/*!40101 SET SQL_MODE=@OLD_SQL_MODE */;
/*!40014 SET FOREIGN_KEY_CHECKS=@OLD_FOREIGN_KEY_CHECKS */;
/*!40014 SET UNIQUE_CHECKS=@OLD_UNIQUE_CHECKS */;
/*!40101 SET CHARACTER_SET_CLIENT=@OLD_CHARACTER_SET_CLIENT */;
/*!40101 SET CHARACTER_SET_RESULTS=@OLD_CHARACTER_SET_RESULTS */;
/*!40101 SET COLLATION_CONNECTION=@OLD_COLLATION_CONNECTION */;
/*M!100616 SET NOTE_VERBOSITY=@OLD_NOTE_VERBOSITY */;

-- Dump completed on 2025-10-20 22:13:28
